File: www_huntress_com/blog_rats-remote-management-software-from-the-hackers-perspective/content.txt
Original Link: [Link to the article](https://www.huntress.com/blog/rats-remote-management-software-from-the-hackers-perspective)
----------------------------------------
Line 1176: ...nd command and control are the same thing</li><li>Sliver beacons and remote access tools can be used for p...
----------------------------------------
File: www_huntress_com/blog_detecting-malicious-use-of-lolbins/content.txt
Original Link: [Link to the article](https://www.huntress.com/blog/detecting-malicious-use-of-lolbins)
----------------------------------------
Line 1176: ...ollow">observed by others</a>, and similarly reported.</p><p>Huntress analysts have also been able to capt...
----------------------------------------
File: www_proofpoint_com/us_blog_threat-insight_major-botnets-disrupted-global-law-enforcement-takedown/content.txt
Original Link: [Link to the article](https://www.proofpoint.com/us/blog/threat-insight/major-botnets-disrupted-global-law-enforcement-takedown)
----------------------------------------
Line 760: ...ping payloads including Cobalt Strike, shellcode, Sliver, and Meterpreter, and assessed with high confiden...
----------------------------------------
File: www_proofpoint_com/us_blog_threat-insight_bumblebee-is-still-transforming/content.txt
Original Link: [Link to the article](https://www.proofpoint.com/us/blog/threat-insight/bumblebee-is-still-transforming)
----------------------------------------
Line 732: ...ved Bumblebee dropping Cobalt Strike, shellcode, Sliver, and Meterpreter.</li>...
Line 740: ...rved Bumblebee dropping Cobalt Strike, shellcode, Sliver and Meterpreter. The malware name comes from the ...
----------------------------------------
File: asec_ahnlab_com/en_55785/content.txt
Original Link: [Link to the article](https://asec.ahnlab.com/en/55785/)
----------------------------------------
Line 1101: ...asec.ahnlab.com/en/55652/" rel="next">Sliver C2 Being Distributed Through Korean Program Development Compa...
----------------------------------------
File: asec_ahnlab_com/en_85580/content.txt
Original Link: [Link to the article](https://asec.ahnlab.com/en/85580/)
----------------------------------------
Line 783: ...ase, the Andariel group utilized malware known as Sliver and DTrack to steal information, and then a Play ...
----------------------------------------
File: asec_ahnlab_com/en_82971/content.txt
Original Link: [Link to the article](https://asec.ahnlab.com/en/82971/)
----------------------------------------
Line 820: ...scated the malware using commercial tools such as Sliver, Themida, and VMProtect.</p>...
----------------------------------------
File: embracethered_com/blog_posts_2020_shadowbunny-virtual-machine-red-teaming-technique/content.txt
Original Link: [Link to the article](https://embracethered.com/blog/posts/2020/shadowbunny-virtual-machine-red-teaming-technique/)
----------------------------------------
Line 186: ... operations. For example, here is a screenshot of Sliver by Bishop Fox setup, accepting incoming zombies (...
----------------------------------------
File: asec_ahnlab_com/en_47088/content.txt
Original Link: [Link to the article](https://asec.ahnlab.com/en/47088/)
----------------------------------------
Line 24: ...<title>Sliver Malware With BYOVD Distributed Through Sunlogin Vu...
Line 30: ...<meta property="og:title" content="Sliver Malware With BYOVD Distributed Through Sunlogin Vu...
Line 31: ...<meta property="og:description" content="Sliver is an open-source penetration testing tool develop...
Line 48: ...n/8e2aaf4e3fcbd7d742dd601ecfa23762"},"headline":"Sliver Malware With BYOVD Distributed Through Sunlogin Vu...
Line 754: ...Sliver Malware With BYOVD Distributed Through Sunlogin Vulnerab...
Line 785: ...cyber-threat_04-803x490.png?crop=1" alt="Sliver Malware With BYOVD Distributed Through Sunlogin Vulnerabil...
Line 793: ...<p>Sliver is an open-source penetration testing tool develo...
Line 797: ...uring this process, we have recently discovered a Sliver backdoor being installed through what is presumed...
Line 805: ...<p>First, a brief summary of the Sliver penetration testing tool will be given. Afterward...
Line 809: ...<h3 class="wp-block-heading">1. Sliver</h3>...
Line 817: ...e using the open-source penetration testing tool, Sliver.&nbsp;<a href="https://github.com/BishopFox/slive...
Line 821: ...><figcaption class="wp-element-caption">Figure 1. Sliver description</figcaption></figure></div>...
Line 824: ...<p>Among the characteristics of Sliver, the fact that it was developed using Go, a cross...
Line 828: ... the threat actor through the backdoor created by Sliver to perform a variety of malicious behaviors. Its ...
Line 832: ... 2. Command transmission process to the installed Sliver backdoor</figcaption></figure></div>...
Line 835: ...>Figure 3. A portion of the commands supported by Sliver</figcaption></figure></div>...
Line 838: ...amp;C server in order to evade network detection. Sliver also supports methods that use mTLS, WireGuard, H...
Line 842: ...acon Mode are the two modes also supported by the Sliver backdoor. Sliver that has been built in Session M...
Line 915: ...e covering the recently confirmed attacks where a Sliver backdoor and Powercat reverse shell were installe...
Line 919: ... actor, but after a few hours, a log shows that a Sliver backdoor was installed on the same system through...
Line 969: ...<h4 class="wp-block-heading">3.2. Sliver Backdoor Attack</h4>...
Line 977: ...<figcaption class="wp-element-caption">Figure 15. Sliver backdoor installed through the Sunlogin vulnerabi...
Line 980: ...">Figure 16. PowerShell command that installs the Sliver backdoor</figcaption></figure></div>...
Line 983: ...<p>The downloaded “acl.exe” is the Sliver backdoor. Sliver is normally obfuscated when the back...
Line 987: ... class="wp-element-caption">Figure 17. Obfuscated Sliver backdoor</figcaption></figure></div>...
Line 990: ...tine remains the same, static analysis shows that Sliver utilized in the attack was built in Session Mode ...
Line 998: ...<li><strong><strong>Sliver backdoor name</strong>: </strong>LITERARY_WHOLE</...
Line 1011: ...k where various strains of malware, including the Sliver backdoor, were installed on vulnerable and unpatc...
Line 1019: ...1.07.07.02)<br />– Trojan/Win.Sliver.C5363965 (2023.01.22.02)</p>...
Line 1031: ...a107310bddc59f113ae9013 : Sliver Backdoor (acl2.exe)</p>...
Line 1035: ...– hxxp://43.128.62[.]42/acl.exe : Sliver Backdoor</p>...
Line 1039: ... Reverse Shell<br />– 43.128.62[.]42:8888 : Sliver Backdoor</p>...
----------------------------------------
File: asec_ahnlab_com/en_84418/content.txt
Original Link: [Link to the article](https://asec.ahnlab.com/en/84418/)
----------------------------------------
Line 787: ...n-source and publicly available tools such as Sliver, Chisel, PuTTY, and Megatools to launch their attacks...
Line 791: ...<p>These threat actors propagated Sliver and DTrack malware to multiple hosts via the SMB ...
Line 793: ...ccess that Andariel had obtained as an IAB. Their Sliver C2 server went offline immediately after the rans...
----------------------------------------
File: asec_ahnlab_com/ko_55524/content.txt
Original Link: [Link to the article](https://asec.ahnlab.com/ko/55524/)
----------------------------------------
Line 23: ...발 업체를 통해 유포 중인 Sliver C2 - ASEC</title>...
Line 28: ...발 업체를 통해 유포 중인 Sliver C2 - ASEC" />...
Line 47: ...발 업체를 통해 유포 중인 Sliver C2","datePublished":"2023-07-25T01:25:22+00:00","dateModified":"2024-07-29T10:02:02+...
Line 205: ...alware-ko.category-public-ko.tag-meshagent-jp.tag-sliver-ko","post_id":"55524"};...
Line 743: ...are-ko category-public-ko tag-meshagent-jp tag-sliver-ko">...
Line 762: ...통해 유포 중인 Sliver C2						</h1>...
Line 793: ... 유포 중인 Sliver C2">...
Line 801: ...ng></a> 탐지를 우회하기 위한 기법들이 함께 사용되었다는 점이다.</p>...
Line 811: ......
Line 813: ...인 메모장(notepad.exe)를 실행하고 여기에 인젝션한다. 이러한 과정은 정상 설치 파일을 생성하고 실행하는 작업과 동시에 이루어지기 때문에 사용자들은 정상적인 설치 파일이라고 생각할 ...
Line 834: ......
Line 836: ...<li><strong>Sliver C2 다운로드 주소</strong> : hxxps://config.v6[.]army/sa...
Line 839: ...<p>Sliver C2는 깃허브에 공개된 오픈 소스 침투 테스트 도구이다. 침투 테스트 도구라고 한다면 기...
Line 840: ...자는 기존에 사용하던 SparkRAT 대신 Sliver C2를 공격에 사용하였는데, 이는 Sliver C2가 단순한 백도어인 SparkRAT보다 더 많은 기능들을 지원하기 때문으로 추정된다....
Line 842: ...<li><strong>Sliver C2 이름</strong> : PRETTY_BLADDER</li>...
Line 843: ...<li><strong>Sliver C2의 C&amp;C 주소</strong> : hxxps://panda.sect[.]kr...
Line 847: ...용된 악성코드가 SparkRAT에서 Sliver C2로 변경되긴 했지만, 공격자는 최종 악성코드로서는 동일하게 MeshAgent를 사용하고 있다. 공격자는 메모장에 인젝션된 Sliver C2...
Line 854: ...<p>공격자는 Sliver C2와 MeshAgent를 설치하여 감염 시스템에 대한 제어를 탈취하였으며, 이후 PC에 저장되어 있는...
Line 866: ...AT, Sliver C2 그리고 MeshAgent 악성코드를 설치하였으며 이에 따라 공격자는 PC에 저장되어 있는 사용자의 정보들을 탈취하거나 추가 악성코드 설치와 같은 다양한 악성 행위를 ...
Line 917: .../a> <a href="https://asec.ahnlab.com/ko/tag/sliver-ko/" rel="tag">Sliver</a></div>					</div>...
Line 1112: ...95%B4%20%EC%9C%A0%ED%8F%AC%20%EC%A4%91%EC%9D%B8%20Sliver%20C2%20-%20ASEC","excerpt":"","featuredImage":"ht...
----------------------------------------
File: asec_ahnlab_com/ko_55379/content.txt
Original Link: [Link to the article](https://asec.ahnlab.com/ko/55379/)
----------------------------------------
Line 1106: ... 중인 Sliver C2</a></h3>...
----------------------------------------
File: asec_ahnlab_com/ko_56715/content.txt
Original Link: [Link to the article](https://asec.ahnlab.com/ko/56715/)
----------------------------------------
Line 29: ......
Line 805: ...례는 SparkRAT이나 Sliver C2 등 깃허브에 공개되어 있는 다른 악성코드들과 달리 많지 않다. 하지만 실제 국내 공격 사례들을 확인해 보면 다양한 공격자들이 BlueShell을 꾸...
Line 808: ...더 악성코드를 Go 언어로 개발하였으며, <a href="https://asec.ahnlab.com/ko/52662/"><strong>[3]</strong></a> RedEyes (APT37...
----------------------------------------
File: asec_ahnlab_com/en_56941/content.txt
Original Link: [Link to the article](https://asec.ahnlab.com/en/56941/)
----------------------------------------
Line 797: ...hnlab.com/en/52899/"><strong>[1]</strong></a> and Sliver C2 used in the attack campaign exploiting the vul...
----------------------------------------
File: eclypsium_com/blog_flatlined-analyzing-pulse-secure-firmware-and-bypassing-integrity-checking/content.txt
Original Link: [Link to the article](https://eclypsium.com/blog/flatlined-analyzing-pulse-secure-firmware-and-bypassing-integrity-checking/)
----------------------------------------
Line 1048: ...eory we dropped a copy of our favorite framework, Sliver C2, into its own folder, /data/sliver/ and ran th...
----------------------------------------
File: blog_cyble_com/2022_09_07_bumblebee-returns-with-new-infection-technique/content.txt
Original Link: [Link to the article](https://blog.cyble.com/2022/09/07/bumblebee-returns-with-new-infection-technique/)
----------------------------------------
Line 29: ...<meta property="article:tag" content="Sliver" />...
Line 3198: ...en-source tools such as Cobalt Strike, Shellcode, Sliver, Meterpreter, etc. It also downloads other types ...
Line 3406: ...</a><a href="https://cyble.com/blog/tag/sliver/" rel="tag">Sliver</a><a href="https://cyble.com/blog/tag/v...
Line 4982: ...erpreter, Payload, PowerShell, PowerShell Loader, Sliver, VHD, ","publisher":{"@type":"Organization","name...
Line 4984: ...en-source tools such as Cobalt Strike, Shellcode, Sliver, Meterpreter, etc. It also downloads other types ...
Line 4986: ...en-source tools such as Cobalt Strike, Shellcode, Sliver, Meterpreter, etc. It also downloads other types ...
----------------------------------------
File: blog_cyble_com/2022_06_07_bumblebee-loader-on-the-rise/content.txt
Original Link: [Link to the article](https://blog.cyble.com/2022/06/07/bumblebee-loader-on-the-rise/)
----------------------------------------
Line 31: ...<meta property="article:tag" content="Sliver" />...
Line 3198: ...en-source tools such as Cobalt Strike, Shellcode, Sliver, Meterpreter, etc. It also downloads other types ...
Line 3546: ...</a><a href="https://cyble.com/blog/tag/sliver/" rel="tag">Sliver</a><a href="https://cyble.com/blog/tag/v...
Line 5122: ..., Conti, ISO, Meterpreter, PowerShell, Shellcode, Sliver, VMWare, ","publisher":{"@type":"Organization","n...
Line 5124: ...en-source tools such as Cobalt Strike, Shellcode, Sliver, Meterpreter, etc. It also downloads other types ...
Line 5126: ...en-source tools such as Cobalt Strike, Shellcode, Sliver, Meterpreter, etc. It also downloads other types ...
----------------------------------------
File: www_aquasec_com/blog_threat-alert-teamtnts-docker-gatling-gun-campaign/content.txt
Original Link: [Link to the article](https://www.aquasec.com/blog/threat-alert-teamtnts-docker-gatling-gun-campaign/)
----------------------------------------
Line 865: ...y targeting exposed Docker daemons to deploy Sliver malware, a cyber worm, and cryptominers, using comprom...
Line 867: ... traditional Tsunami backdoor with the stealthier Sliver malware. In this blog, we will explore the campai...
Line 877: ...trong> In this campaign, TeamTNT is using <strong>Sliver malware</strong>, which may replace the previousl...
Line 878: ...using Docker Hub to store and spread malware, and Sliver for control and exploitation.</li>...
Line 885: ...<h4 aria-level="3"><b><span data-contrast="none">Sliver malware</span></b><span data-ccp-props="{&quot;13...
Line 886: ...paign is the </span><b><span data-contrast="auto">Sliver malware</span></b><span data-contrast="auto">, wh...
Line 887: ...g" alt="Figure 4: The C2 generate function in the Sliver binary " width="1400" height="144" srcset="https:...
Line 903: ...e</strong> as a C2 server, though the more modern Sliver C2 may take precedence in their current operation...
Line 928: ...decoration: underline;">:</span> TeamTNT uses Sliver malware, which replaces their previous Tsunami malwar...
Line 952: ...tion: underline;">:</span> TeamTNT’s use of Sliver malware supports DNS for Command and Control (C2) commu...
Line 955: ... style="text-decoration: underline;">:</span> Sliver supports WireGuard and other proxy techniques to tunn...
Line 962: ...apt and evolve, incorporating modern tools like Sliver malware and leveraging cloud native capabilities to...
Line 1080: ...data-label="Comment">Sliver Malware (SPLENDID_ISLAND) </td>...
Line 1086: ...data-label="Comment">Sliver Malware (bioset) </td>...
----------------------------------------
File: www_fortinet_com/blog_threat-research_gotitan-botnet-exploitation-on-apache-activemq/content.txt
Original Link: [Link to the article](https://www.fortinet.com/blog/threat-research/gotitan-botnet-exploitation-on-apache-activemq)
----------------------------------------
Line 748: ...netration testing tool and red teaming framework, Sliver supports various callback protocols, including DN...
Line 961: ...<h2><span style="font-weight: normal;">Sliver</span></h2>...
Line 973: ...03283.img.png/1700681981887/fig07-gotitan-sliver-xml-file.png" data-title="Figure 7: Sliver&#39;s XML file...
Line 975: ...g.png/1700681981887/fig07-gotitan-sliver-xml-file.png" alt="Figure 7: Sliver&#39;s XML file" style="width:...
Line 981: ...<span class="cmp-image--title">Figure 7: Sliver&#39;s XML file</span>...
Line 991: ...<p>Sliver, an open-source penetration testing tool developed ...
Line 992: ...er at “91[.]92[.]240[.]41” via HTTP requests, Sliver dynamically selects decoders for C2 messages based on...
Line 1004: ...700681999217/fig08-gotitan-c2-session-for-sliver.png" data-title="Figure 8: C2 session for Sliver">...
Line 1006: ...9217/fig08-gotitan-c2-session-for-sliver.png" alt="Figure 8: C2 session for Sliver" style="width: 600px;" ...
Line 1012: ...s="cmp-image--title">Figure 8: C2 session for Sliver</span>...
Line 1495: ...d remain vigilant against ongoing exploits by Sliver, Kinsing, and Ddostf. It is crucial to prioritize sys...
Line 1502: ...Linux/Sliver.AE!tr<br />...
----------------------------------------
File: www_bleepingcomputer_com/news_security_north-korean-govt-hackers-linked-to-play-ransomware-attack/content.txt
Original Link: [Link to the article](https://www.bleepingcomputer.com/news/security/north-korean-govt-hackers-linked-to-play-ransomware-attack/)
----------------------------------------
Line 813: ...t, they deployed the open-source pentesting suite Sliver for command and control (C2) beaconing, and their...
Line 827: ...<li>Sliver C2 communication continued until just before ranso...
----------------------------------------
File: www_bleepingcomputer_com/news_security_hackers-increasingly-use-winos40-post-exploitation-kit-in-attacks/content.txt
Original Link: [Link to the article](https://www.bleepingcomputer.com/news/security/hackers-increasingly-use-winos40-post-exploitation-kit-in-attacks/)
----------------------------------------
Line 797: ....bleepingcomputer.com/news/security/hackers-adopt-sliver-toolkit-as-a-cobalt-strike-alternative/" target="...
Line 833: ..., with functionality similar to Cobalt Strike and Sliver. Indicators of compromise (IoCs) are available in...
----------------------------------------
File: www_cisa_gov/news-events_cybersecurity-advisories_aa23-284a/content.txt
Original Link: [Link to the article](https://www.cisa.gov/news-events/cybersecurity-advisories/aa23-284a)
----------------------------------------
Line 1321: ...154/" title="Cobalt Strike">Cobalt Strike</a> and Sliver[<a href="https://github.com/BishopFox/sliver/tree...
Line 1678: ...</a><br>[3] <a href="https://github.com/BishopFox/sliver/tree/6c02971b54831884d30407b632a379947dd289ad" ti...
----------------------------------------
File: blog_cloudflare_com/oauth-for-all/content.txt
Original Link: [Link to the article](https://blog.cloudflare.com/oauth-for-all/)
----------------------------------------
Line 60: ...and the shutdown. Instead, the Images service prematurely shut down the connection on its own, genuinely b...
----------------------------------------
File: blog_cloudflare_com/post-quantum-eo-2026/content.txt
Original Link: [Link to the article](https://blog.cloudflare.com/post-quantum-eo-2026/)
----------------------------------------
Line 62: ...s/\&quot;&gt;&lt;u&gt;read that post&lt;/u&gt;&lt;/a&gt;.&lt;/p&gt;&lt;p&gt;Before we move forward, we wou...
----------------------------------------
File: blog_cloudflare_com/cloudflare-joins-uk-cyber-resilience-pledge/content.txt
Original Link: [Link to the article](https://blog.cloudflare.com/cloudflare-joins-uk-cyber-resilience-pledge/)
----------------------------------------
Line 60: ...tions.&lt;/p&gt;&lt;p&gt;&lt;b&gt;&amp;quot;Why not use subagents instead of a harness?&amp;quot; &lt;/b&g...
----------------------------------------
File: blog_cloudflare_com/build-your-own-vulnerability-harness/content.txt
Original Link: [Link to the article](https://blog.cloudflare.com/build-your-own-vulnerability-harness/)
----------------------------------------
Line 63: ...ll their context window after covering a sliver of a real repo, and then lose information during context c...
Line 70: ...e, fill their context window after covering a sliver of a real repo, and then lose information during cont...
----------------------------------------
File: isc_sans_edu/diary_rss_27954/content.txt
Original Link: [Link to the article](https://isc.sans.edu/diary/rss/27954)
----------------------------------------
Line 1: ...quot;Stolen Images Evidence&quot; campaign pushes Sliver-based malware - SANS Internet Storm Center</title...
Line 14: ...;Stolen Images Evidence&quot; campaign pushes Sliver-based malware&comma; Author&colon; Brad Duncan">...
Line 15: ...;Stolen Images Evidence&quot; campaign pushes Sliver-based malware, Author: Brad Duncan">...
Line 128: ...rums/diary/Stolen+Images+Evidence+campaign+pushes+Sliverbased+malware/27954/" >"Stolen Images Evidence" ca...
Line 137: ...%20Images%20Evidence%22%20campaign%20pushes%20Sliver-based%20malware&amp;url=https%3A%2F%2Fisc.sans.edu%2F...
Line 149: ...ef="/diary/Stolen+Images+Evidence+campaign+pushes+Sliverbased+malware/27954/#comments">0 comment(s)</a>...
Line 154: ...proofpoint.com/us/blog/security-briefs/ta551-uses-sliver-red-team-tool-new-activity">Proofpoint reported t...
Line 156: ...<p>That same day, Sliver-based malware was also being pushed by the <a hre...
Line 169: ...21-10-20 is the first time we&#39;ve seen it push Sliver-based malware.</p>...
Line 185: ...n above:&nbsp; .js file retrieving and running he Sliver-based malware DLL.</em></p>...
Line 187: ...infected host runs long enough, someone might use Sliver to download other malware and establish or mainta...
Line 190: ...<em>Shown above:&nbsp; Sliver-based malware DLL on the infected Windows host.</...
Line 213: ...<p>Post-infection traffic for Sliver-based malware:</p>...
Line 241: ...<li>File description: Windows DLL for SLIVER-based malware</li>...
Line 245: ...ecrypt some of the HTTPS traffic generated by the Sliver-based malware.&nbsp; URLs in the HTTPS traffic <a...
Line 277: ...="diarykeywords">Keywords: <a href="/tag.html?tag=Sliver">Sliver</a> <a href="/tag.html?tag=Stolen Images ...
Line 278: ...ef="/diary/Stolen+Images+Evidence+campaign+pushes+Sliverbased+malware/27954/#comments">0 comment(s)</a></a...
----------------------------------------
File: isc_sans_edu/diary_rss_29344/content.txt
Original Link: [Link to the article](https://isc.sans.edu/diary/rss/29344)
----------------------------------------
Line 252: ...<p>Sliver and/or DonutLoader:</p>...
Line 309: ...<p>Sliver and/or DonutLoader:</p>...
Line 314: ...iption: binary with shellcode and 64-bit EXE, for Sliver-based and/or DounutLoader malware</span></p>...
----------------------------------------
File: isc_sans_edu/diary_Google_ads_lead_to_fake_software_pages_pushing_IcedID_Bokbot_29344/content.txt
Original Link: [Link to the article](https://isc.sans.edu/diary/Google ads lead to fake software pages pushing IcedID Bokbot/29344)
----------------------------------------
Line 253: ...<p>Sliver and/or DonutLoader:</p>...
Line 310: ...<p>Sliver and/or DonutLoader:</p>...
Line 315: ...iption: binary with shellcode and 64-bit EXE, for Sliver-based and/or DounutLoader malware</span></p>...
----------------------------------------
File: www_cisa_gov/news-events_cybersecurity-advisories_aa24-326a/content.txt
Original Link: [Link to the article](https://www.cisa.gov/news-events/cybersecurity-advisories/aa24-326a)
----------------------------------------
Line 1305: ...echniques/T1105/">T1105</a>] and executed a Sliver payload that utilized this proxy to establish command a...
Line 1411: ...<li>Sliver, Mythic, Cobalt Strike, and other commercial C2 f...
Line 1841: ...<td>The team obtained tools (i.e., Sliver, Mythic, Cobalt Strike, and other commercial C2 f...
Line 2220: ...<p>The team then downloaded and executed a Sliver payload that utilized this proxy to establish com...
----------------------------------------
File: www_esentire_com/blog_nitrogen-campaign-2-0-reloads-with-enhanced-capabilities-leading-to-alphv-blackcat-ransomware/content.txt
Original Link: [Link to the article](https://www.esentire.com/blog/nitrogen-campaign-2-0-reloads-with-enhanced-capabilities-leading-to-alphv-blackcat-ransomware)
----------------------------------------
Line 1031: ...<h3>The switch to the Sliver C2 Framework</h3>...
Line 1036: ...ed DLL is a <a href="https://github.com/BishopFox/sliver">Sliver payload</a> (MD5: a9e5c83f7d96144fa31126e...
Line 1042: ...m> (MD5: 4722f13c22abaa6045c544ee7dde3e5a) to the Sliver payload (MD5: 9f1c9b28eaf00b9aec180179255d87c0) t...
Line 1059: ...(s) made attempts to manually execute the slv.py (Sliver payload) within the PowerShell command line.</p>...
Line 1067: ...switched from using Pyramid C2 Framework to using Sliver C2.</li><li>In the latest Nitrogen campaign, thre...
Line 1425: ...<td>Sliver payload</td>...
Line 1498: .../a></li><li><a href="https://github.com/BishopFox/sliver">https://github.com/BishopFox/sliver</a></li><li>...
----------------------------------------
File: www_intrinsec_com/wp-content_uploads_2024_09_TLP-CLEAR-20240926-PandorahVNC-and-MeshCentral-EN-3_pdf/content.txt
Original Link: [Link to the article](https://www.intrinsec.com/wp-content/uploads/2024/09/TLP-CLEAR-20240926-PandorahVNC-and-MeshCentral-EN-3.pdf)
----------------------------------------
Line 867: ...SparkRAT and Sliver C2 campaigns against Korean individuals...
----------------------------------------
File: www_cisa_gov/news-events_cybersecurity-advisories_aa24-060b/content.txt
Original Link: [Link to the article](https://www.cisa.gov/news-events/cybersecurity-advisories/aa24-060b)
----------------------------------------
Line 1492: ...%203%20-%20Upgrade%20Netcat%20Connection%20to%20Sliver%20Implant.png?itok=Gn-ayrul" width="1024" height="5...
Line 1497: ...><em>Figure 3: Upgrade Netcat Connection to Sliver Implant</em></figcaption>...
Line 1504: ...arge/public/2024-02/Figure%204%20-%20Leverage%20Sliver%20Implant%20to%20Run%20Pearl%20Script%20for%20Retri...
Line 1509: ...="c-figure__caption"><em>Figure 4: Leverage Sliver Implant to Run Perl Script for Retrieval of Cached Doma...
Line 1565: ...s/large/public/2024-02/Figure%209%20-%20Using%20Sliver%20Implant%20as%20Shown%20in%20Figure%203.png?itok=z...
Line 1570: ...ass="c-figure__caption"><em>Figure 9: Using Sliver Implant as Shown in Figure 3, Execute Perl Script to Re...
Line 1703: ...<td>Sliver binary.</td>...
----------------------------------------
File: www_riskiq_com/resources_research_inside-magecart/content.txt
Original Link: [Link to the article](https://www.riskiq.com/resources/research/inside-magecart/)
----------------------------------------
Line 897: ...document titled RiskIQ: Fingerprinting Sliver C2 Servers in Microsoft Defender Threat Intelligence" data-s...
----------------------------------------
File: www_riskiq_com/blog_labs_cobalt-strike/content.txt
Original Link: [Link to the article](https://www.riskiq.com/blog/labs/cobalt-strike/)
----------------------------------------
Line 897: ...document titled RiskIQ: Fingerprinting Sliver C2 Servers in Microsoft Defender Threat Intelligence" data-s...
----------------------------------------
File: www_riskiq_com/blog_labs_spear-phishing-turkish-defense-contractors/content.txt
Original Link: [Link to the article](https://www.riskiq.com/blog/labs/spear-phishing-turkish-defense-contractors/)
----------------------------------------
Line 897: ...document titled RiskIQ: Fingerprinting Sliver C2 Servers in Microsoft Defender Threat Intelligence" data-s...
----------------------------------------
File: www_riskiq_com/blog_labs_cobalt-group-spear-phishing-russian-banks/content.txt
Original Link: [Link to the article](https://www.riskiq.com/blog/labs/cobalt-group-spear-phishing-russian-banks/)
----------------------------------------
Line 897: ...document titled RiskIQ: Fingerprinting Sliver C2 Servers in Microsoft Defender Threat Intelligence" data-s...
----------------------------------------
File: www_riskiq_com/blog_labs_magecart-newegg/content.txt
Original Link: [Link to the article](https://www.riskiq.com/blog/labs/magecart-newegg/)
----------------------------------------
Line 897: ...document titled RiskIQ: Fingerprinting Sliver C2 Servers in Microsoft Defender Threat Intelligence" data-s...
----------------------------------------
File: www_cisa_gov/news-events_cybersecurity-advisories_aa24-242a/content.txt
Original Link: [Link to the article](https://www.cisa.gov/news-events/cybersecurity-advisories/aa24-242a)
----------------------------------------
Line 1526: ...<td>Sliver</td>...
----------------------------------------
File: www_ncsc_gov_uk/files_Advisory-further-TTPs-associated-with-SVR-cyber-actors_pdf/content.txt
Original Link: [Link to the article](https://www.ncsc.gov.uk/files/Advisory-further-TTPs-associated-with-SVR-cyber-actors.pdf)
----------------------------------------
Line 18: ...Use of multiple publicly available exploits and Sliver...
Line 75: ...Sliver in an attempt to maintain their...
Line 146: ...command and control framework named Sliver....
Line 147: ...The use of the Sliver framework was likely an attempt to ensure...
Line 151: ...the Sliver framework. Sliver is an “…open source, cross-plat...
Line 155: ...The use of the Sliver framework was likely an attempt to ensure access ...
Line 158: ...and and control infrastructure for each victim of Sliver....
Line 343: ...Sliver HTTP request URLs are procedurally generated acco...
Line 344: ...set pattern, as per the implant/sliver/transports/tcp-http.go file....
Line 362: ...alert tcp any any -> any any (msg: "Sliver HTTP implant beacon -...
Line 367: ...alert tcp any any -> any any (msg: "Sliver HTTP implant beacon -...
Line 372: ...alert tcp any any -> any any (msg: "Sliver HTTP implant beacon - info.txt...
Line 377: ...alert tcp any any -> any any (msg: "Sliver HTTP implant beacon -...
Line 382: ...alert tcp any any -> any any (msg: "Sliver HTTP implant beacon - .jsp...
Line 387: ...alert tcp any any -> any any (msg: "Sliver HTTP implant beacon -...
Line 393: ...alert tcp any any -> any any (msg: "Sliver HTTP implant beacon -...
Line 397: ...alert tcp any any -> any any (msg: "Sliver HTTP implant beacon - api.php...
Line 401: ...alert tcp any any -> any any (msg: "Sliver HTTP implant beacon -...
Line 405: ...alert tcp any any -> any any (msg: "Sliver HTTP implant beacon -...
Line 410: ...alert tcp any any -> any any (msg: "Sliver HTTP implant beacon -...
Line 418: ...detecting Sliver. It should be noted that other frameworks may...
Line 419: ...rely on code from the Sliver project (e.g. WireGost). Sliver...
Line 421: ...Therefore a Sliver detection does not necessarily indicate a...
Line 423: ...rule sliver_github_file_paths_function_names {...
Line 426: ...description = "Detects Sliver Windows and Linux implants based on paths...
Line 429: ...$p1 = "/sliver/"...
Line 430: ...$p2 = "sliverpb."...
Line 444: ...rule sliver_proxy_isNotFound_retn_cmp_uniq {...
Line 447: ...description = "Detects Sliver implant framework based on some unique...
Line 458: ...rule sliver_nextCCServer_calcs {...
Line 461: ...description = "Detects Sliver implant framework based on instructions...
----------------------------------------
File: sysdig_com/blog_crystalray-rising-threat-actor-exploiting-oss-tools/content.txt
Original Link: [Link to the article](https://sysdig.com/blog/crystalray-rising-threat-actor-exploiting-oss-tools/)
----------------------------------------
Line 979: ...e malicious payload, which is often a Platypus or Sliver client. This process is very similar to the other...
Line 1095: ...<h4 class="wp-block-heading" id="sliver">Sliver</h4>...
Line 1099: ...erated with <a href="https://github.com/BishopFox/sliver" target="_blank" rel="noreferrer noopener">Sliver...
----------------------------------------
File: securelist_com/head-mare-hacktivists_113555/content.txt
Original Link: [Link to the article](https://securelist.com/head-mare-hacktivists/113555/)
----------------------------------------
Line 651: ...<li>Sliver;</li>...
Line 742: ...<td>Sliver</td>...
Line 777: ...at the main C2 framework used by the attackers is Sliver, an open-source C2 framework designed for simulat...
Line 778: ...<p>Sliver&#8217;s architecture includes an agent (implant) ...
Line 779: ...<p>The Sliver implant samples we found had default configuratio...
Line 860: ...<td rowspan="2">Sliver implant.<br />...
----------------------------------------
File: securelist_com/detecting-mythic-in-network-traffic_118291/content.txt
Original Link: [Link to the article](https://securelist.com/detecting-mythic-in-network-traffic/118291/)
----------------------------------------
Line 579: ...Brute Ratel C4, open-source projects like Mythic, Sliver, and Havoc have surged in popularity in recent ye...
----------------------------------------
File: blog_eclecticiq_com/ransomware-in-the-cloud-scattered-spider-targeting-insurance-and-financial-industries/content.txt
Original Link: [Link to the article](https://blog.eclecticiq.com/ransomware-in-the-cloud-scattered-spider-targeting-insurance-and-financial-industries?hsLang=en)
----------------------------------------
Line 841: ...xt-align: center;"><span style="font-size: 12px;">Sliver</span></p>...
----------------------------------------
File: www_rapid7_com/blog_post_2024_03_28_stories-from-the-soc-part-1-idat-loader-to-bruteratel/content.txt
Original Link: [Link to the article](https://www.rapid7.com/blog/post/2024/03/28/stories-from-the-soc-part-1-idat-loader-to-bruteratel/)
----------------------------------------
Line 343: ...C2) software like Cobalt Strike, Mythic and Sliver. Following a successful compromise of a target, the att...
----------------------------------------
File: www_rapid7_com/blog_post_2024_02_15_rce-to-sliver-ir-tales-from-the-field/link.md
Original Link: [Link to the article](https://www.rapid7.com/blog/post/2024/02/15/rce-to-sliver-ir-tales-from-the-field/)
----------------------------------------
Line 1: ...ttps://www.rapid7.com/blog/post/2024/02/15/rce-to-sliver-ir-tales-from-the-field/)...
----------------------------------------
File: malware-log_hatenablog_com/entry_2015_05_18_000000_1/content.txt
Original Link: [Link to the article](https://malware-log.hatenablog.com/entry/2015/05/18/000000_1)
----------------------------------------
Line 22833: ...3%83%A0%E3%83%AF%E3%83%BC%E3%82%AF%3A%20Sliver" class="category-攻撃フレームワーク:-Sliver">...
Line 22834: ...攻撃フレームワーク: Sliver (3)...
----------------------------------------
File: www_rapid7_com/blog_post_2024_02_15_rce-to-sliver-ir-tales-from-the-field/content.txt
Original Link: [Link to the article](https://www.rapid7.com/blog/post/2024/02/15/rce-to-sliver-ir-tales-from-the-field/)
----------------------------------------
Line 11: ...<title>RCE to Sliver: IR Tales from the Field | Rapid7 Blog</title>...
Line 14: ...://www.rapid7.com/blog/post/2024/02/15/rce-to-sliver-ir-tales-from-the-field/" />...
Line 15: ...://www.rapid7.com/blog/post/2024/02/15/rce-to-sliver-ir-tales-from-the-field/" />...
Line 16: ...://www.rapid7.com/blog/post/2024/02/15/rce-to-sliver-ir-tales-from-the-field/" hreflang="en" />...
Line 20: ...<meta name="title" content="RCE to Sliver: IR Tales from the Field | Rapid7 Blog" />...
Line 22: ...<meta property="og:title" content="RCE to Sliver: IR Tales from the Field | Rapid7 Blog" />...
Line 25: ...<meta name="twitter:title" content="RCE to Sliver: IR Tales from the Field | Rapid7 Blog">...
Line 138: ..."headline": "RCE to Sliver: IR Tales from the Field",...
Line 139: ...rapid7.com/blog/post/2024/02/15/rce-to-sliver-ir-tales-from-the-field/",...
Line 218: ...<h1>RCE to Sliver: IR Tales from the Field</h1>...
Line 228: .../02/15/rce-to-sliver-ir-tales-from-the-field/&amp;title=RCE+to+Sliver%3a+IR+Tales+from+the+Field&amp;summa...
Line 229: ...t?text=RCE+to+Sliver%3a+IR+Tales+from+the+Field&amp;url=https%3a%2f%2fwww.rapid7.com%2fblog%2fpost%2f2024%...
Line 230: .../02/15/rce-to-sliver-ir-tales-from-the-field/" class="facebook" onclick="window.open(this.href, 'facebook-...
Line 236: ...mining software and a Sliver Command and Control (C2) payload on in-scope servers. Sliver is a modular C2 ...
Line 237: ...detection opportunities. The recent appearance of Sliver C2 malware prompted Rapid7 teams to conduct a tho...
Line 276: ...nown C2 behavior. Rapid7 decoded and debugged the Sliver payload to extract any available Indicators of Co...
Line 277: ..."></figure><!--kg-card-begin: markdown--><p>After Sliver first communicated with the established C2, it ch...
Line 278: ...<p>The Sliver C2 connection was later used to execute <code>wge...
Line 309: ...<td>Sliver C2 connection</td>...
Line 329: ...<td>The Sliver payload and follow-on command executions</td>...
Line 396: ...<td>Sliver binary</td>...
Line 401: ...<td>Hash for Sliver binary</td>...
Line 406: ...<td>Sliver binary</td>...
Line 411: ...<td>Hash for Sliver binary</td>...
Line 416: ...<td>Sliver C2 IP address</td>...
Line 488: ...o-sliver-ir-tales-from-the-field/&amp;title=RCE+to+Sliver%3a+IR+Tales+from+the+Field&amp;summary=Rapid7+In...
Line 493: ...o+Sliver%3a+IR+Tales+from+the+Field&amp;url=https%3a%2f%2fwww.rapid7.com%2fblog%2fpost%2f2024%2f02%2f15%2f...
Line 498: ...o-sliver-ir-tales-from-the-field/"...
Line 1035: ...ww.rapid7.com/blog/post/2024/02/15/rce-to-sliver-ir-tales-from-the-field/">...
----------------------------------------
File: www_rapid7_com/blog_post_2024_05_13_ongoing-malvertising-campaign-leads-to-ransomware/content.txt
Original Link: [Link to the article](https://www.rapid7.com/blog/post/2024/05/13/ongoing-malvertising-campaign-leads-to-ransomware/)
----------------------------------------
Line 238: ...a href="https://attack.mitre.org/software/S0633/">Sliver beacon</a>. Reflective DLL injection is the proce...
Line 290: ...PPDATA%\Oracle\data.aes</strong></em>, which is a Sliver beacon DLL (original name: <em>BALANCED_NAPKIN.dl...
Line 291: ... the DLL: The beacon was clearly generated by the Sliver framework.</figcaption></figure><!--kg-card-begin...
Line 360: ...re executes a python script to load and execute a Sliver beacon.</td>...
Line 405: ...<td>The malware loads a Sliver beacon DLL via python script.</td>...
Line 434: ...<td>Suspicious Process - Sliver C2 Interactive Shell Execution via PowerShell</td...
Line 840: ...<td>Encrypted Sliver beacon</td>...
Line 848: ...<td>Encrypted Sliver beacon</td>...
Line 855: ...<td>Encrypted Sliver beacon</td>...
Line 860: ...<td>Sliver beacon loader</td>...
Line 865: ...<td>Sliver beacon loader</td>...
Line 870: ...<td>Sliver beacon loader</td>...
----------------------------------------
File: medium_com/s2wblog_rustdoor-and-gatedoor-a-new-pair-of-weapons-disguised-as-legitimate-software-by-suspected-34c94e558b40/content.txt
Original Link: [Link to the article](https://medium.com/s2wblog/rustdoor-and-gatedoor-a-new-pair-of-weapons-disguised-as-legitimate-software-by-suspected-34c94e558b40)
----------------------------------------
Line 42: ...vers have been identified to be related to 7 ransomware groups, it is presumed that the group is an affili...
----------------------------------------
File: objective-see_org/blog_blog_0x71_html/content.txt
Original Link: [Link to the article](https://objective-see.org/blog/blog_0x71.html)
----------------------------------------
Line 2031: ...sistent binary, <code>softwareupdated</code> is a Sliver implant:</p>...
Line 2033: ..."<i>Sliver implants offer the operator multiple functions usef...
Line 2041: ...sliverpb/sliver.proto...
Line 2042: ....sliverpb.EnvelopeR...
Line 2043: ....sliverpb.RegisterR...
Line 2044: ....sliverpb.RegisterR...
Line 2045: ....sliverpb.NetInterfaceR...
Line 2046: ....sliverpb.FileInfoR...
Line 2047: ....sliverpb.SockTabEntry.SockAddrR...
Line 2048: ....sliverpb.SockTabEntry.SockAddrR...
Line 2049: ....sliverpb.SockTabEntryR...
Line 2050: ....sliverpb.DNSBlockHeaderR...
Line 2051: ....sliverpb.ServiceInfoReqR...
Line 2052: ....sliverpb.ServiceInfoReqR...
Line 2053: ....sliverpb.PivotTypeR...
Line 2054: ....sliverpb.PivotTypeR...
Line 2055: ....sliverpb.NetConnPivotR...
Line 2056: ....sliverpb.PivotPeerR...
Line 2057: ....sliverpb.PeerFailureTypeR...
Line 2058: ....sliverpb.PivotListenerR...
Line 2059: ....sliverpb.WGTCPForwarderR...
Line 2060: ....sliverpb.WGSocksServerR...
Line 2061: ....sliverpb.WGSocksServerR...
Line 2062: ....sliverpb.WGTCPForwarderR...
Line 2063: ....sliverpb.WindowsPrivilegeEntryR...
Line 2064: ...B/Z-github.com/bishopfox/sliver/protobuf/sliverpbb...
Line 2069: ...What is Sliver?...
Line 2070: ...s="inlineLink" href="https://github.com/BishopFox/sliver">Github repository</a>, Sliver is, &ldquo;an open...
Line 2072: ...<p>As a fully-featured (persistent) implant, Sliver affords a remote attacker, complete control over ...
----------------------------------------
File: symantec-enterprise-blogs_security_com/blogs_threat-intelligence_buhti-ransomware/content.txt
Original Link: [Link to the article](https://symantec-enterprise-blogs.security.com/blogs/threat-intelligence/buhti-ransomware)
----------------------------------------
Line 81: ...y in order to install Cobalt Strike, Meterpreter, Sliver, AnyDesk, and ConnectWise. The tools were leverag...
Line 149: ...1ad661febfab7eb1b8e70af1186a93cb4aff93911183f24 - Sliver</p>...
----------------------------------------
File: symantec-enterprise-blogs_security_com/threat-intelligence_stonefly-north-korea-extortion/content.txt
Original Link: [Link to the article](https://symantec-enterprise-blogs.security.com/threat-intelligence/stonefly-north-korea-extortion)
----------------------------------------
Line 41: ...ectory.&nbsp;</li></ul><p><strong>Sliver</strong>:&nbsp;<a href="https://github.com/BishopFox/sliver">Open...
----------------------------------------
File: vectra_ai/blogpost_moonlight-middle-east-targeted-attacks/content.txt
Original Link: [Link to the article](https://vectra.ai/blogpost/moonlight-middle-east-targeted-attacks)
----------------------------------------
Line 3272: ...tem is-hover w-dyn-item"><a href="/blog/detecting-sliver-c2-when-advanced-beaconing-tries-to-hide-in-plain...
Line 3298: ...xt-block font-size-28px is-22px-mobile">Detecting Sliver C2: When Advanced Beaconing Tries to Hide in Plai...
Line 3300: ...dden" class="jetboost-list-item" value="detecting-sliver-c2-when-advanced-beaconing-tries-to-hide-in-plain...
----------------------------------------
File: harfanglab_io/insidethelab_supposed-grasshopper-operators-impersonate-israeli-gov-private-companies-deploy-open-source-malware/content.txt
Original Link: [Link to the article](https://harfanglab.io/insidethelab/supposed-grasshopper-operators-impersonate-israeli-gov-private-companies-deploy-open-source-malware/)
----------------------------------------
Line 285: ...<h2>Final payload: Donut &amp; Sliver</h2>...
Line 289: ...<li><a href="https://github.com/BishopFox/sliver">Sliver</a>, a publicly available Golang trojan de...
Line 302: ...>The final payload (see Fig. 3) is an instance of Sliver using <code>www.economy-gov-il[.]com</code> (whic...
Line 324: ...erver by a Nim downloader and as a C2 server by a Sliver implant in the infection chain we analysed.</td>...
Line 358: ...operations without any financial means, Donut and Sliver being quite sophisticated tools on their own, and...
Line 368: ...37bcae7cb309de61e1c4e6223df090bb26b3cd7|Donut and Sliver</code></pre>...
Line 376: ...www.economy-gov-il[.]com|Sliver C2...
----------------------------------------
File: unit42_paloaltonetworks_com/dns-tunneling-in-the-wild/content.txt
Original Link: [Link to the article](https://unit42.paloaltonetworks.com/dns-tunneling-in-the-wild/)
----------------------------------------
Line 105: ...plications such as iodine, DNSStager, dnscat2 and sliver, as well as proprietary ones such as Cobalt Strik...
Line 616: ...plications such as iodine, DNSStager, dnscat2 and sliver, as well as proprietary ones such as <a href="htt...
----------------------------------------
File: unit42_paloaltonetworks_com/north-korean-threat-group-play-ransomware/content.txt
Original Link: [Link to the article](https://unit42.paloaltonetworks.com/north-korean-threat-group-play-ransomware/)
----------------------------------------
Line 80: ...ostealer,Jumpy Pisces,Mimikatz,North Korea,PsExec,Sliver";...
Line 103: ...ostealer,Jumpy Pisces,Mimikatz,North Korea,PsExec,Sliver"/>...
Line 104: ...ned persistence by spreading the open-source tool Sliver and their unique custom malware, DTrack, to other...
Line 540: ..."north-korean-threat-group-play-ransomware:hero:Sliver" href="https://unit42.paloaltonetworks.com/tag/sliv...
Line 607: ...//thehackernews.com/2023/01/threat-actors-turn-to-sliver-as-open.html" target="_blank" rel="noopener">Sliv...
Line 614: ...<p>Attackers copied files associated with the Sliver and DTrack malware family to various hosts using ...
Line 637: ... response (EDR) solution. However, we did observe Sliver beaconing activity spanning multiple days until e...
Line 642: ...<li>Sliver: Attackers used a customized version of the open-...
Line 652: ...reading of the Jumpy Pisces-linked toolset (e.g., Sliver and DTrack), was the same one used prior to ranso...
Line 653: ...<li>As highlighted previously, we observed Sliver C2 communication until the day before ransomware ...
Line 684: ...<p><strong>Sliver C2 Server Information</strong></p>...
Line 729: ...href="https://unit42.paloaltonetworks.com/tag/sliver/" role="link" title="Sliver" data-page-track="true" d...
----------------------------------------
File: attack_mitre_org/campaigns_C0018/content.txt
Original Link: [Link to the article](https://attack.mitre.org/campaigns/C0018)
----------------------------------------
Line 399: ..."/software/S0633">Sliver</a>, as well as <a href="/software/S0154">Cobalt Strike</a> and <a href="/softwar...
Line 443: ...ftware/S0633">Sliver</a> payload to <code>vmware_kb.exe</code>.<span onclick=scrollToRef('scite-2') id="sc...
Line 511: ...re/S0633">Sliver</a>, SoftPerfect Network Scanner, AnyDesk, and PDQ Deploy.<span onclick=scrollToRef('scit...
Line 709: ...> Sliver </a>...
----------------------------------------
File: unit42_paloaltonetworks_com/shadow-campaigns-uncovering-global-espionage/content.txt
Original Link: [Link to the article](https://unit42.paloaltonetworks.com/shadow-campaigns-uncovering-global-espionage/)
----------------------------------------
Line 104: ...lso leveraged frameworks like Havoc, SparkRat and Sliver with varying degrees of success.\r\nWeb Shells\r\...
Line 713: ...lso leveraged frameworks like Havoc, SparkRat and Sliver with varying degrees of success.</p>...
----------------------------------------
File: www_mandiant_com/resources_blog_initial-access-brokers-exploit-f5-screenconnect/content.txt
Original Link: [Link to the article](https://www.mandiant.com/resources/blog/initial-access-brokers-exploit-f5-screenconnect)
----------------------------------------
Line 111: ...<li>SLIVER client</li>...
Line 1019: ...al unrelated threat actors attempting to access the appliance. The additional commands were observed durin...
----------------------------------------
File: unit42_paloaltonetworks_com/cl-unk-1068-targets-critical-sectors/content.txt
Original Link: [Link to the article](https://unit42.paloaltonetworks.com/cl-unk-1068-targets-critical-sectors/)
----------------------------------------
Line 905: ...<p>SHA256 hashes for Sliver (<span style="font-family: 'courier new', courier...
Line 1151: ...<h4><a id="post-174811-_y70e563twghe"></a>Sliver Shell Implant</h4>...
Line 1152: ...ed to use a <a href="https://github.com/BishopFox/sliver/tree/master" target="_blank" rel="noopener">Slive...
----------------------------------------
File: unit42_paloaltonetworks_com/new-ransomware-01flip-written-in-rust/content.txt
Original Link: [Link to the article](https://unit42.paloaltonetworks.com/new-ransomware-01flip-written-in-rust/)
----------------------------------------
Line 79: ...tcoin,CL-CRI-103,Cryptocurrency,forums,Linux,Rust,Sliver,Windows";...
Line 100: ...tcoin,CL-CRI-103,Cryptocurrency,forums,Linux,Rust,Sliver,Windows"/>...
Line 101: ...m.\r\n\r\n\r\n\r\nRelated Unit 42 Topics\r\nRust, Sliver, Ransomware, Cybercrime\r\n\r\n\r\n\r\nBackground...
Line 557: ...lue="new-ransomware-01flip-written-in-rust:hero:Sliver" href="https://unit42.paloaltonetworks.com/tag/sliv...
Line 622: ...><a href="https://unit42.paloaltonetworks.com/tag/sliver/" target="_blank" rel="noopener">Sliver</a></stro...
Line 636: ...ersion of <a href="https://github.com/BishopFox/sliver" target="_blank" rel="noopener">Sliver</a>, a publi...
Line 638: ...t to another Linux machine by downloading another Sliver implant, which was a <a href="https://github.com/...
Line 639: ...ducted the following activities, possibly through Sliver and its modules:</p>...
Line 809: ...<h4>Linux Sliver Beacon, TCP Pivot as C2</h4>...
Line 914: ...href="https://unit42.paloaltonetworks.com/tag/sliver/" role="link" title="Sliver" data-page-track="true" d...
----------------------------------------
File: blog_talosintelligence_com/2022_06_avoslocker-new-arsenal_html/content.txt
Original Link: [Link to the article](https://blog.talosintelligence.com/2022/06/avoslocker-new-arsenal.html)
----------------------------------------
Line 47: ...everal different tools, including Cobalt Strike, Sliver and multiple commercial network scanners....
Line 63: ...everal different tools, including Cobalt Strike, Sliver and multiple commercial network scanners....
Line 119: ...ral different tools, including Cobalt Strike, Sliver and multiple commercial network scanners.\n * The ini...
Line 649: ...<a href="https://github.com/BishopFox/sliver">Sliver</a> and multiple commercial network scanners.</li><li...
----------------------------------------
File: blog_talosintelligence_com/uat-8302/content.txt
Original Link: [Link to the article](https://blog.talosintelligence.com/uat-8302/)
----------------------------------------
Line 787: ...hell">Sliver</a> and <a href="https://blog.eclecticiq.com/china-nexus-nation-state-actors-exploit-sap-netw...
----------------------------------------
File: attack_mitre_org/groups_G1021/content.txt
Original Link: [Link to the article](https://attack.mitre.org/groups/G1021)
----------------------------------------
Line 929: ...">Sliver</a>...
----------------------------------------
File: vxunderground_APTs_2022/2022/2022.02.23 - HermeticWiper New Destructive Malware Used In Cyber Attacks on Ukraine/Paper/sentinelone.com-HermeticWiper New Destructive Malware Used In Cyber Attacks on Ukraine/content.txt
Original Link: https://vx-underground.org/APTs/2022
----------------------------------------
Line 77: ...le escalation. At this time, we have a very small sliver...
----------------------------------------
File: attack_mitre_org/groups_G0016/content.txt
Original Link: [Link to the article](https://attack.mitre.org/groups/G0016)
----------------------------------------
Line 3228: ...<a href="/software/S0633">Sliver</a>...
----------------------------------------
File: unit42_paloaltonetworks_com/ai-use-in-malware/content.txt
Original Link: [Link to the article](https://unit42.paloaltonetworks.com/ai-use-in-malware/)
----------------------------------------
Line 80: ...hreat Research,.NET,ChatGPT,GenAI,Infostealer,LLM,Sliver";...
Line 99: ...tags" content=".NET,ChatGPT,GenAI,Infostealer,LLM,Sliver"/>...
Line 553: ..." data-page-track-value="ai-use-in-malware:hero:Sliver" href="https://unit42.paloaltonetworks.com/tag/sliv...
Line 616: ...="noopener">highlighted on X</a> as a dropper for Sliver malware.</li>...
Line 874: ... dropper for <a href="https://bishopfox.com/tools/sliver" target="_blank" rel="noopener">Sliver</a>, an op...
Line 883: ...f it considers the environment safe to drop the Sliver payload.</p>...
Line 960: ...">true</span>, the dropper proceeds to launch its Sliver payload. The dropper also writes a log file to di...
Line 1004: ...odity threats and targeted threats, including the Sliver dropper.</li>...
Line 1034: ...href="https://unit42.paloaltonetworks.com/tag/sliver/" role="link" title="Sliver" data-page-track="true" d...
----------------------------------------
File: blog_talosintelligence_com/avoslocker-new-arsenal/content.txt
Original Link: [Link to the article](https://blog.talosintelligence.com/avoslocker-new-arsenal/)
----------------------------------------
Line 45: ...everal different tools, including Cobalt Strike, Sliver and multiple commercial network scanners....
Line 61: ...everal different tools, including Cobalt Strike, Sliver and multiple commercial network scanners....
Line 103: ...ral different tools, including Cobalt Strike, Sliver and multiple commercial network scanners.\n * The ini...
Line 581: ...<a href="https://github.com/BishopFox/sliver">Sliver</a> and multiple commercial network scanners.</li><li...
----------------------------------------
File: blog_talosintelligence_com/2022_08_manjusaka-offensive-framework_html/content.txt
Original Link: [Link to the article](https://blog.talosintelligence.com/2022/08/manjusaka-offensive-framework.html)
----------------------------------------
Line 5: ...<title>Manjusaka: A Chinese sibling of Sliver and Cobalt Strike</title>...
Line 43: ...tle" content="Manjusaka: A Chinese sibling of Sliver and Cobalt Strike">...
Line 54: ...tle" content="Manjusaka: A Chinese sibling of Sliver and Cobalt Strike">...
Line 97: ..."headline": "Manjusaka: A Chinese sibling of Sliver and Cobalt Strike",...
Line 597: ..."text-center">Manjusaka: A Chinese sibling of Sliver and Cobalt Strike</h1>...
Line 623: ...alt_Strike.pdf">Cobalt Strike</a> and Sliver so that enterprises can effectively defend against attacks em...
Line 634: ...text="Manjusaka: A Chinese sibling of Sliver and Cobalt Strike" data-href="https://blog.talosintelligence....
Line 637: ...text="Manjusaka: A Chinese sibling of Sliver and Cobalt Strike" data-href="https://blog.talosintelligence....
Line 640: ...text="Manjusaka: A Chinese sibling of Sliver and Cobalt Strike" data-href="https://blog.talosintelligence....
Line 643: ...text="Manjusaka: A Chinese sibling of Sliver and Cobalt Strike" data-href="https://blog.talosintelligence....
Line 646: ...?body=Manjusaka: A Chinese sibling of Sliver and Cobalt Strikehttps://blog.talosintelligence.com/manjusaka...
----------------------------------------
File: habr_com/ru_companies_f_a_c_c_t_news_845766/content.txt
Original Link: [Link to the article](https://habr.com/ru/companies/f_a_c_c_t/news/845766/)
----------------------------------------
Line 265: ...[.]124[.]33[.]141:4782, который ранее уже был замечен в атаках группы Sticky Werewolf.</p><p>Содержимое PD...
----------------------------------------
File: blog_talosintelligence_com/sd-wan-ongoing-exploitation/content.txt
Original Link: [Link to the article](https://blog.talosintelligence.com/sd-wan-ongoing-exploitation/)
----------------------------------------
Line 623: ...n-source adversarial emulation framework (aka red-teaming implant), was deployed with the filename “CWan”....
Line 635: ....]135</li></ul><h3 id="cluster-6sliver">Cluster 6 - Sliver</h3><ul><li>02654acfb21f83485393ba8b14bd8862b91...
----------------------------------------
File: vxunderground_APTs_2022/2022/2022.05.19 - ITG23 Crypters Highlight Cooperation Between Cybercriminal Groups/Paper/securityintelligence-itg23/content.txt
Original Link: https://vx-underground.org/APTs/2022
----------------------------------------
Line 52: ...ctim environments, such as Trickbot, BazarLoader, Sliver, IcedID, Emotet,...
Line 56: ...bot.  ITG23 distribution affiliates have deployed Sliver, an open...
Line 481: ... Cobalt Strike, Quantum, as well as implants from Sliver which is a post-exploitation framework...
Line 488: ...Sliver...
----------------------------------------
File: blog_talosintelligence_com/lazarus-collectionrat/content.txt
Original Link: [Link to the article](https://blog.talosintelligence.com/lazarus-collectionrat/)
----------------------------------------
Line 560: ...a>.</p><h3 id="deimosc2-analysis">DeimosC2 analysis</h3><p>Apart from the many dual-use tools and post-exp...
----------------------------------------
File: blog_talosintelligence_com/voidlink/content.txt
Original Link: [Link to the article](https://blog.talosintelligence.com/voidlink/)
----------------------------------------
Line 645: ... inspirations from CobaltStrike and Sliver; however, one fundamental difference was the single file infras...
----------------------------------------
File: labs_bishopfox_com/tech-blog_sliver/link.md
Original Link: [Link to the article](https://labs.bishopfox.com/tech-blog/sliver)
----------------------------------------
Line 1: ...the article](https://labs.bishopfox.com/tech-blog/sliver)...
----------------------------------------
File: labs_bishopfox_com/tech-blog_sliver/content.txt
Original Link: [Link to the article](https://labs.bishopfox.com/tech-blog/sliver)
----------------------------------------
Line 403: ...<title>Introducing the Sliver Framework written in Golang | Bishop Fox</title>...
Line 411: ...<meta name="description" content="Sliver is a general purpose cross-platform implant frame...
Line 418: ...<meta content="https://bishopfox.com/blog/sliver" property="og:url">...
Line 419: ...<meta content="Introducing the Sliver Framework written in Golang" property="og:title">...
Line 420: ...<meta content="Sliver is a general purpose cross-platform implant frame...
Line 421: .../assets.bishopfox.com/prod-1437/Images/pages/labs/Sliver-Purple.jpg" property="og:image">...
Line 439: ...eta name="twitter:title" content="Introducing the Sliver Framework written in Golang">...
Line 440: ...<meta name="twitter:description" content="Sliver is a general purpose cross-platform implant frame...
Line 441: .../assets.bishopfox.com/prod-1437/Images/pages/labs/Sliver-Purple.jpg">...
Line 446: ...<link href="https://bishopfox.com/blog/sliver" rel="canonical">...
Line 1533: ...-2">//</span> <a href="https://bishopfox.com/blog/sliver" class="inline-block">Aug 05, 2019</a>...
Line 1537: ...<span>A How-To Guide for Using Sliver</span>...
Line 1550: .../assets.bishopfox.com/prod-1437/Images/pages/labs/Sliver-Purple.jpg" alt="Purple background sliver framewo...
Line 1558: ...cebook.com/share.php?u=https://bishopfox.com/blog/sliver&amp;amp;utm_medium=social&amp;amp;utm_source=face...
Line 1566: ...r.com/intent/tweet?url=https://bishopfox.com/blog/sliver&amp;utm_medium=social&amp;utm_source=twitter&amp;...
Line 1574: ...icle?mini=true&amp;url=https://bishopfox.com/blog/sliver&amp;utm_medium=social&amp;utm_source=linkedin" cl...
Line 1594: ...esearchers behind the creation and maintenance of Sliver. They introduced Sliver in June at <a href="https...
Line 1595: ...<p>⚠️ <strong>Warning:</strong> Sliver is currently in <strong>beta</strong>, you've been wa...
Line 1597: ...<h3>How Sliver Works</h3>...
Line 1598: ...<p>Sliver is designed to be an open source alternative to C...
Line 1600: ...<p>Sliver is a general purpose cross-platform implant frame...
Line 1601: ...<h3>Sliver's Features</h3>...
Line 1607: ...<li><a href="https://github.com/BishopFox/sliver/wiki/Transport-Encryption" target="_blank" rel="n...
Line 1614: ...<li><a href="https://github.com/BishopFox/sliver/wiki/DNS-C2#dns-canaries" target="_blank" rel="no...
Line 1617: ... the latest <a href="https://github.com/BishopFox/sliver/releases" target="_blank" rel="noreferrer noopene...
Line 1619: ...<p>See the <a href="https://github.com/BishopFox/sliver/wiki/Compile-From-Source" target="_blank" rel="no...
Line 1626: ...<li><code>sliver/</code> - Implant code, rendered by the server at...
Line 1630: ...<p>Sliver is licensed under <a href="https://www.gnu.org/li...
Line 1631: ...GitHub:<br/><a href="https://github.com/BishopFox/sliver" target="_blank" rel="noreferrer noopener">Go to ...
Line 1635: ...itle=".github" href="https://github.com/BishopFox/sliver/tree/master/.github" target="_blank" rel="norefer...
Line 1636: ...ss="link-gray" href="https://github.com/BishopFox/sliver/commit/7db0d3967a2cbb286c2ccfe5a71b2013a9943eed" ...
Line 1639: ...title="assets" href="https://github.com/BishopFox/sliver/tree/master/assets" target="_blank" rel="noreferr...
Line 1640: ...ss="link-gray" href="https://github.com/BishopFox/sliver/commit/13fd3fad0ec902940b7ac99952ae809ee950e04a" ...
Line 1643: ...title="client" href="https://github.com/BishopFox/sliver/tree/master/client" target="_blank" rel="noreferr...
Line 1644: ...ss="link-gray" href="https://github.com/BishopFox/sliver/commit/e656302f931f78e9be2a0afb693965984d2e0557" ...
Line 1647: ...tle="protobuf" href="https://github.com/BishopFox/sliver/tree/master/protobuf" target="_blank" rel="norefe...
Line 1648: ...ss="link-gray" href="https://github.com/BishopFox/sliver/commit/22ed9fed06294263d913f9c346f9cfc8b3a3c373" ...
Line 1651: ...6544d9a37212c" href="https://github.com/BishopFox/sliver/tree/master/server" target="_blank" rel="noreferr...
Line 1652: ...ss="link-gray" href="https://github.com/BishopFox/sliver/commit/949433405df3872c8b2d2e24d14fddbf953e3c91" ...
Line 1655: ...cate-target"><a class="js-navigation-open" title="sliver" href="https://github.com/BishopFox/sliver/tree/m...
Line 1656: ...ss="link-gray" href="https://github.com/BishopFox/sliver/commit/868f1f88dd4243dcf17ed79b6605789931a429cb" ...
Line 1659: ..." title="util" href="https://github.com/BishopFox/sliver/tree/master/util">util</a></span></td>...
Line 1660: ...ss="link-gray" href="https://github.com/BishopFox/sliver/commit/14dff456a222f53df34293dffc209e913e774c44" ...
Line 1663: ...title="vendor" href="https://github.com/BishopFox/sliver/tree/master/vendor" target="_blank" rel="noreferr...
Line 1664: ...ss="link-gray" href="https://github.com/BishopFox/sliver/commit/f0121caea69d42c2f204abc2da3938c024e69abe" ...
Line 1667: ...3f9e5aff10e86" href="https://github.com/BishopFox/sliver/blob/master/.dockerignore" target="_blank" rel="n...
Line 1668: ...ss="link-gray" href="https://github.com/BishopFox/sliver/commit/707d147b9f8ea6da433a0803280815c811d6452f" ...
Line 1759: ...butor to the <a href="https://bishopfox.com/tools/sliver" target="_blank" rel="noreferrer noopener">Sliver...
Line 2069: ...ished":"2019-08-05T00:00:00-07:00","description":"Sliver is a general purpose cross-platform implant frame...
----------------------------------------
File: vxunderground_APTs_2022/2022/2022.08.02 - Manjusaka A Chinese sibling of Sliver and Cobalt Strike/Paper/blog.talosintelligence.com-Manjusaka A Chinese sibling of Sliver and Cobalt Strike/content.txt
Original Link: https://vx-underground.org/APTs/2022
----------------------------------------
Line 4: ...Manjusaka: A Chinese sibling of Sliver and Cobalt Strike...
Line 21: ...of offensive frameworks such as Cobalt Strike and Sliver so that...
Line 39: ...ary implant framework similar to Cobalt Strike or Sliver....
----------------------------------------
File: vxunderground_APTs_2022/2022/2022.06.15 - Sophos uncovers how APT groups carried out highly targeted attack/Paper/volexity.com-DriftingCloud Zero-Day Sophos Firewall Exploitation and an Insidious Breach/content.txt
Original Link: https://vx-underground.org/APTs/2022
----------------------------------------
Line 218: ...The same GitHub page also included a Sliver binary named “kstrp”. Volexity did not observe th...
Line 226: ...Pantegana and Sliver. Volexity did not find anything too remarkable ab...
----------------------------------------
File: research_checkpoint_com/2025_22nd-september-threat-intelligence-report/content.txt
Original Link: [Link to the article](https://research.checkpoint.com/2025/22nd-september-threat-intelligence-report/)
----------------------------------------
Line 453: ...rs to deploy a Rust Loader, PureHVNC RAT, and the Sliver C2 framework across an eight-day intrusion. The i...
----------------------------------------
File: research_checkpoint_com/2024_foxit-pdf-flawed-design-exploitation/content.txt
Original Link: [Link to the article](https://research.checkpoint.com/2024/foxit-pdf-flawed-design-exploitation/)
----------------------------------------
Line 895: ...<li><strong>/sliver/</strong>, an open-source cross-platform red team...
----------------------------------------
File: research_checkpoint_com/2022_bumblebee-increasing-its-capacity-and-evolving-its-ttps/content.txt
Original Link: [Link to the article](https://research.checkpoint.com/2022/bumblebee-increasing-its-capacity-and-evolving-its-ttps/)
----------------------------------------
Line 544: ...st-exploitation frameworks, such as CobaltStrike, Sliver or Meterpreter.</p>...
----------------------------------------
File: www_microsoft_com/en-us_security_blog_2022_05_09_ransomware-as-a-service-understanding-the-cybercrime-gig-economy-and-how-to-protect-yourself/content.txt
Original Link: [Link to the article](https://www.microsoft.com/en-us/security/blog/2022/05/09/ransomware-as-a-service-understanding-the-cybercrime-gig-economy-and-how-to-protect-yourself/)
----------------------------------------
Line 1811: .../en-us/security/blog/2022/08/24/looking-for-the-sliver-lining-hunting-for-emerging-command-and-control-fra...
Line 1883: ...n-us/security/blog/2022/08/24/looking-for-the-sliver-lining-hunting-for-emerging-command-and-control-frame...
----------------------------------------
File: www_microsoft_com/en-us_security_blog_2024_07_25_onyx-sleet-uses-array-of-malware-to-gather-intelligence-for-north-korea/content.txt
Original Link: [Link to the article](https://www.microsoft.com/en-us/security/blog/2024/07/25/onyx-sleet-uses-array-of-malware-to-gather-intelligence-for-north-korea/)
----------------------------------------
Line 1447: ... also used several off-the shelf tools, including Sliver, remote monitoring and management (RMM) tools SOC...
Line 1689: ...ntel-explorer/articles/dcd9d85c">Onyx Sleet using Sliver remote access trojan in attacks on aerospace and ...
----------------------------------------
File: research_checkpoint_com/2026_silver-dragon-targets-organizations-in-southeast-asia-and-europe/content.txt
Original Link: [Link to the article](https://research.checkpoint.com/2026/silver-dragon-targets-organizations-in-southeast-asia-and-europe/)
----------------------------------------
Line 418: ...SSH to facilitate remote access, and&nbsp;<strong>SliverScreen</strong>, a screen-monitoring tool used to ...
----------------------------------------
File: research_checkpoint_com/2025_under-the-pure-curtain-from-rat-to-builder-to-coder/content.txt
Original Link: [Link to the article](https://research.checkpoint.com/2025/under-the-pure-curtain-from-rat-to-builder-to-coder/)
----------------------------------------
Line 417: ...trong>PureHVNC RAT</strong>, and the&nbsp;<strong>Sliver</strong>&nbsp;command-and-control framework.</li>...
Line 478: ...s system, and finally executed the&nbsp;<strong>Sliver</strong>&nbsp;Command and Control (C2) framework.</...
Line 560: ...h3 class="wp-block-heading" id="infection-day-8---sliver-implant">Infection Day 8 &#8211; Sliver Implant</...
Line 564: ...sandbox environment, the threat actor delivered a Sliver implant with C&amp;C&nbsp;<code>hxxps://jq-script...
Line 1213: ...trong>PureHVNC RAT</strong>, and the&nbsp;<strong>Sliver C2 framework</strong>, demonstrating the threat a...
----------------------------------------
File: bi-zone_medium_com/wreaking-havoc-in-cyberspace-threat-actors-experiment-with-pentest-tools-436da5490515/content.txt
Original Link: [Link to the article](https://bi-zone.medium.com/wreaking-havoc-in-cyberspace-threat-actors-experiment-with-pentest-tools-436da5490515?source=rss-3882bedad280------2)
----------------------------------------
Line 42: ...ular compared to Cobalt Strike, Metasploit, and Sliver. According to BI.ZONE Threat Intelligence, this C2 ...
----------------------------------------
File: www_secureworks_com/research_threat-profiles_iron-hemlock/content.txt
Original Link: [Link to the article](http://www.secureworks.com/research/threat-profiles/iron-hemlock)
----------------------------------------
Line 348: ...niDuke, CosmicDuke, RegDuke, FatDuke, DiefenDuke, Sliver</span></div></div><style data-emotion="css 1jdc7a...
----------------------------------------
File: thehackernews_com/2025_03_thn-weekly-recap-alerts-on-zero-day_html/content.txt
Original Link: [Link to the article](https://thehackernews.com/2025/03/thn-weekly-recap-alerts-on-zero-day.html)
----------------------------------------
Line 697: ....chebuya.com/posts/server-side-request-forgery-on-sliver-c2/" rel="noopener" target="_blank">CVE-2025-2709...
----------------------------------------
File: thehackernews_com/2025_04_chinese-hackers-target-linux-systems_html/content.txt
Original Link: [Link to the article](https://thehackernews.com/2025/04/chinese-hackers-target-linux-systems.html)
----------------------------------------
Line 664: ...//thehackernews.com/2023/01/threat-actors-turn-to-sliver-as-open.html" rel="noopener" target="_blank">Sliv...
----------------------------------------
File: www_crowdstrike_com/en-us_blog_crowdstrikes-advanced-memory-scanning-stops-threat-actor/content.txt
Original Link: [Link to the article](https://www.crowdstrike.com/en-us/blog/crowdstrikes-advanced-memory-scanning-stops-threat-actor/)
----------------------------------------
Line 1152: ... in purpose to other tools such as Cobalt Strike, Sliver and Mythic. It was designed to incorporate featur...
----------------------------------------
File: thehackernews_com/2024_10_notorious-hacker-group-teamtnt-launches_html/content.txt
Original Link: [Link to the article](https://thehackernews.com/2024/10/notorious-hacker-group-teamtnt-launches.html)
----------------------------------------
Line 649: ...rently targeting exposed Docker daemons to deploy Sliver malware, a cyber worm, and cryptominers, using co...
Line 659: ...//thehackernews.com/2023/01/threat-actors-turn-to-sliver-as-open.html" rel="noopener" target="_blank">Sliv...
----------------------------------------
File: thehackernews_com/2025_12_react2shell-exploitation-delivers_html/content.txt
Original Link: [Link to the article](https://thehackernews.com/2025/12/react2shell-exploitation-delivers.html)
----------------------------------------
Line 686: ...>, a dropper script responsible for deploying the Sliver C2 framework</li>...
----------------------------------------
File: thehackernews_com/2024_11_new-winos-40-malware-infects-gamers_html/content.txt
Original Link: [Link to the article](https://thehackernews.com/2024/11/new-winos-40-malware-infects-gamers.html)
----------------------------------------
Line 666: ... powerful framework, similar to Cobalt Strike and Sliver, that can support multiple functions and easily c...
----------------------------------------
File: spamhaus_com/resource-center_neutralizing-tofsee-spambot-part-1-binary-file-vaccine/content.txt
Original Link: [Link to the article](https://spamhaus.com/resource-center/neutralizing-tofsee-spambot-part-1-binary-file-vaccine/)
----------------------------------------
Line 105: ......
----------------------------------------
File: thehackernews_com/2025_12_new-forumtroll-phishing-attacks-target_html/content.txt
Original Link: [Link to the article](https://thehackernews.com/2025/12/new-forumtroll-phishing-attacks-target.html)
----------------------------------------
Line 690: ...//thehackernews.com/2023/01/threat-actors-turn-to-sliver-as-open.html" rel="noopener" target="_blank">Sliv...
----------------------------------------
File: thehackernews_com/2026_06_pcpjack-hijacks-230-aws-google-cloud_html/content.txt
Original Link: [Link to the article](https://thehackernews.com/2026/06/pcpjack-hijacks-230-aws-google-cloud.html)
----------------------------------------
Line 738: ...blog/pcpjack-230-cloud-servers-smtp-proxy-network-sliver-chisel">said</a> it found source code, compiled b...
Line 742: ...d in one of the open directories <a href="https://sliver.sh/">Sliver</a>-integrated SMTP proxy deployment ...
Line 744: ...ctories are deployer scripts designed to load the Sliver C2 client configuration and filter for Linux beac...
Line 746: ...derived deterministically from an MD5 hash of its Sliver UUID, mapped into the range 10000-14999," Hunt.io...
----------------------------------------
File: www_ptsecurity_com/ww-en_analytics_pt-esc-threat-intelligence_hellhounds-operation-lahat-part-2/content.txt
Original Link: [Link to the article](https://www.ptsecurity.com/ww-en/analytics/pt-esc-threat-intelligence/hellhounds-operation-lahat-part-2/)
----------------------------------------
Line 170: ...alicious actor made use of the well-known Sliver framework with the C2 server 31.184.204[.]42 (ns2.maxpatr...
Line 267: ...<td>Sliver</td>...
Line 275: ...<td>Sliver</td>...
Line 421: ...<td>tool_win_ZZ_Sliver__Backdoor</td>...
Line 424: ...<td>tool_multi_ZZ_Sliver__Backdoor</td>...
Line 818: ...<td colSpan="4"><p align="center"><b>Sliver</b></p></td>...
Line 1091: ...ade use of\u0026nbsp;the well-known Sliver framework with the C2\u0026nbsp;server 31.184.204[.]42 (ns2.max...
----------------------------------------
File: riskiq_com/blog_labs_magecart-british-airways-breach/content.txt
Original Link: [Link to the article](https://riskiq.com/blog/labs/magecart-british-airways-breach/)
----------------------------------------
Line 897: ...document titled RiskIQ: Fingerprinting Sliver C2 Servers in Microsoft Defender Threat Intelligence" data-s...
----------------------------------------
File: www_trendmicro_com/en_us_research_24_f_behind-the-great-wall-void-arachne-targets-chinese-speaking-user_html/content.txt
Original Link: [Link to the article](https://www.trendmicro.com/en_us/research/24/f/behind-the-great-wall-void-arachne-targets-chinese-speaking-user.html)
----------------------------------------
Line 4305: ...ion_one_investigation.html">Cobalt Strike</a> and Sliver, Winos supports custom plugins that can be develo...
----------------------------------------
File: vxunderground_APTs_2024/seqrite.com-Operation Oxidový Sophisticated Malware Campaign Targets Czech Officials Using NATO-Themed Decoys/content.txt
Original Link: https://vx-underground.org/APTs/2024
----------------------------------------
Line 148: ...downloading a custom Sliver Stager. The C2 and the User-Agent found in this H...
Line 160: ...age of post-exploitation frameworks like Havoc, Sliver & Freeze and keeping in mind the...
----------------------------------------
File: vxunderground_APTs_2024/Unraveling the snake tangle following the attacks of Shedding Zmiy/content.txt
Original Link: https://vx-underground.org/APTs/2024
----------------------------------------
Line 422: ...er в файле...
Line 501: ...е был развёрнут имплант Sliver:C:\Windows\Temp\svchost.exe с командным адресом...
Line 546: ......
Line 550: ...Это первый увиденный нами Sliver-имплант, который был собран с опциями ограничения по...
Line 555: ...r имеют случайное...
Line 571: .../rsetlogd является имплантом Sliver, имеющим С2 mtls://195.2.76[.]120:443....
Line 574: ...для закрепления импланта Sliver. Вот как он выглядел после редактирования:...
Line 613: ...r, на хосте...
Line 616: ...е обращения к C2 Sliver mtls://195.2.76[.]120....
Line 621: ...нт Sliver (C2: mtls://...
Line 626: ...liver /usr/sbin/sshd-...
Line 1273: ...https_session_sliver.bin 89d25c215b4d7ce3d1cb3cc9d538a0bf 23f7b196babf...
Line 1696: ...• Sliver;...
----------------------------------------
File: vxunderground_APTs_2024/ptsecurity.com-Hellhounds Operation Lahat Part2/content.txt
Original Link: https://vx-underground.org/APTs/2024
----------------------------------------
Line 123: ...the malicious actor made use of the well-known Sliver...
Line 124: ...t). Similar samples are examined in detail in "Sliver...
Line 203: ...27.12.2023 Sliver...
Line 205: ...27.12.2023 Sliver...
Line 310: ...tool_win_ZZ_Sliver__Backdoor...
Line 311: ...tool_multi_ZZ_Sliver__Backdoor...
Line 528: ...Sliver...
----------------------------------------
File: vxunderground_APTs_2024/blogs.blackberry.com-Transparent Tribe Targets Indian Government Defense and Aerospace Sectors Leveraging Cross-Platform P/content.txt
Original Link: https://vx-underground.org/APTs/2024
----------------------------------------
Line 590: ...Sliver imp...
Line 607: ...Sliver imp...
----------------------------------------
File: vxunderground_APTs_2024/synacktiv.com-KrustyLoader - Rust malware linked to Ivanti ConnectSecure compromises/content.txt
Original Link: https://vx-underground.org/APTs/2024
----------------------------------------
Line 24: ...purpose is to download and execute a Sliver backdoor. I personally labelled this piece of mal...
Line 177: ...ed on my observations, all the samples download a Sliver (Golang)...
Line 178: ...backdoor, though from different URLs. The Sliver backdoors contact their C2 server using HTTP/HTTP...
Line 179: ...communication. Sliver11 is an open-source adversary simulation tool tha...
Line 186: ...d decrypt the URL used by KrustyLoader to get the Sliver backdoor....
Line 212: ...y Volexity team turn out to be pretty interesting Sliver downloaders as they were executed...
----------------------------------------
File: malpedia_caad_fkie_fraunhofer_de/details_win_graphsteel/content.txt
Original Link: [Link to the article](https://malpedia.caad.fkie.fraunhofer.de/details/win.graphsteel)
----------------------------------------
Line 900: ...lingshot", "synonyms": ""}, {"name": "win.sliver", "common_name": "Sliver", "synonyms": ""}, {"name": "win...
----------------------------------------
File: vxunderground_APTs_2024/security.com-Stonefly Extortion Attacks Continue Against US Targets/content.txt
Original Link: https://vx-underground.org/APTs/2024
----------------------------------------
Line 45: ...Sliver: Open-source cross-platform penetration testing f...
----------------------------------------
File: malpedia_caad_fkie_fraunhofer_de/details_py_unidentified_003/content.txt
Original Link: [Link to the article](https://malpedia.caad.fkie.fraunhofer.de/details/py.unidentified_003)
----------------------------------------
Line 481: ...lingshot", "synonyms": ""}, {"name": "win.sliver", "common_name": "Sliver", "synonyms": ""}, {"name": "win...
----------------------------------------
File: malpedia_caad_fkie_fraunhofer_de/details_win_fastloader/content.txt
Original Link: [Link to the article](https://malpedia.caad.fkie.fraunhofer.de/details/win.fastloader)
----------------------------------------
Line 487: ...lingshot", "synonyms": ""}, {"name": "win.sliver", "common_name": "Sliver", "synonyms": ""}, {"name": "win...
----------------------------------------
File: vxunderground_APTs_2024/blog.cluster25.duskrise.com-The Bear and The Shell New Campaign Against Russian Opposition/content.txt
Original Link: https://vx-underground.org/APTs/2024
----------------------------------------
Line 111: ... IP address (80.78.26[.]183) that is related to a Sliver beacon of late September 2022....
Line 112: ...Sliver, like HTTP-Shell, is an open-source tool for adve...
----------------------------------------
File: malpedia_caad_fkie_fraunhofer_de/details_py_unidentified_002/content.txt
Original Link: [Link to the article](https://malpedia.caad.fkie.fraunhofer.de/details/py.unidentified_002)
----------------------------------------
Line 481: ...lingshot", "synonyms": ""}, {"name": "win.sliver", "common_name": "Sliver", "synonyms": ""}, {"name": "win...
----------------------------------------
File: vxunderground_APTs_2024/microsoft.com-Onyx Sleet uses array of malware to gather intelligence for North Korea/content.txt
Original Link: https://vx-underground.org/APTs/2024
----------------------------------------
Line 69: ... also used several off-the shelf tools, including Sliver, remote monitoring and management (RMM)...
Line 72: ...campaign attributed to Onyx Sleet that deployed a Sliver implant, an open-source C2 framework that support...
Line 168: ...Onyx Sleet using Sliver remote access trojan in attacks on aerospace and ...
----------------------------------------
File: malpedia_caad_fkie_fraunhofer_de/details_win_dbatloader/content.txt
Original Link: [Link to the article](https://malpedia.caad.fkie.fraunhofer.de/details/win.dbatloader)
----------------------------------------
Line 953: ...lingshot", "synonyms": ""}, {"name": "win.sliver", "common_name": "Sliver", "synonyms": ""}, {"name": "win...
----------------------------------------
File: thehackernews_com/2025_05_chinese-hackers-exploit-ivanti-epmm_html/content.txt
Original Link: [Link to the article](https://thehackernews.com/2025/05/chinese-hackers-exploit-ivanti-epmm.html)
----------------------------------------
Line 689: ... enables the delivery of additional payloads like Sliver.</p>...
----------------------------------------
File: malpedia_caad_fkie_fraunhofer_de/details_elf_teamtnt/content.txt
Original Link: [Link to the article](https://malpedia.caad.fkie.fraunhofer.de/details/elf.teamtnt)
----------------------------------------
Line 1009: ...lingshot", "synonyms": ""}, {"name": "win.sliver", "common_name": "Sliver", "synonyms": ""}, {"name": "win...
----------------------------------------
File: thehackernews_com/2026_02_asian-state-backed-group-tgr-sta-1030_html/content.txt
Original Link: [Link to the article](https://thehackernews.com/2026/02/asian-state-backed-group-tgr-sta-1030.html)
----------------------------------------
Line 742: ...//thehackernews.com/2023/01/threat-actors-turn-to-sliver-as-open.html" rel="noopener" target="_blank">Sliv...
----------------------------------------
File: vxunderground_APTs_2024/Распутываем змеиный клубок по следам атак Shedding Zmiy/content.txt
Original Link: https://vx-underground.org/APTs/2024
----------------------------------------
Line 427: ...er в файле...
Line 508: ...е был развёрнут имплант Sliver:C:\Windows\Temp\svchost.exe с командным адресом...
Line 553: ......
Line 557: ...Это первый увиденный нами Sliver-имплант, который был собран с опциями ограничения по...
Line 562: ...r имеют случайное...
Line 578: .../rsetlogd является имплантом Sliver, имеющим С2 mtls://195.2.76[.]120:443....
Line 581: ...для закрепления импланта Sliver. Вот как он выглядел после редактирования:...
Line 620: ...r, на хосте...
Line 623: ...е обращения к C2 Sliver mtls://195.2.76[.]120....
Line 628: ...нт Sliver (C2: mtls://...
Line 633: ...liver /usr/sbin/sshd-...
Line 1280: ...https_session_sliver.bin 89d25c215b4d7ce3d1cb3cc9d538a0bf 23f7b196babf...
Line 1704: ...• Sliver;...
----------------------------------------
File: malpedia_caad_fkie_fraunhofer_de/details_win_sidewinder/content.txt
Original Link: [Link to the article](https://malpedia.caad.fkie.fraunhofer.de/details/win.sidewinder)
----------------------------------------
Line 819: ...lingshot", "synonyms": ""}, {"name": "win.sliver", "common_name": "Sliver", "synonyms": ""}, {"name": "win...
----------------------------------------
File: www_seqrite_com/blog_operation-oxidovy-sophisticated-malware-campaign-targets-czech-officials-using-nato-themed-decoys/content.txt
Original Link: [Link to the article](https://www.seqrite.com/blog/operation-oxidovy-sophisticated-malware-campaign-targets-czech-officials-using-nato-themed-decoys/)
----------------------------------------
Line 456: ...ng a custom <a href="https://github.com/BishopFox/sliver/wiki/Stagers/7116c1c26c5d4e783d60e4e622bd98c67b13...
Line 481: ...usage of post-exploitation frameworks like Havoc, Sliver &amp; Freeze and keeping in mind the ongoing tens...
----------------------------------------
File: blogs_blackberry_com/en_2024_05_transparent-tribe-targets-indian-government-defense-and-aerospace-sectors/content.txt
Original Link: [Link to the article](https://blogs.blackberry.com/en/2024/05/transparent-tribe-targets-indian-government-defense-and-aerospace-sectors)
----------------------------------------
Line 1315: ...<td width="246" valign="top"><p>Sliver implant</p>...
Line 1334: ...<td width="246" valign="top"><p>Sliver implant</p>...
----------------------------------------
File: thehackernews_com/2026_06_threatsday-bulletin-claude-chat-abuse_html/content.txt
Original Link: [Link to the article](https://thehackernews.com/2026/06/threatsday-bulletin-claude-chat-abuse.html)
----------------------------------------
Line 965: ... is comparable in scope to Cobalt Strike or Sliver, overlapping with both on BOF/COFF execution, reflectiv...
----------------------------------------
File: intezer_com/blog_research_conversation-hijacking-campaign-delivering-icedid/content.txt
Original Link: [Link to the article](https://intezer.com/blog/research/conversation-hijacking-campaign-delivering-icedid/)
----------------------------------------
Line 700: ...proofpoint.com/us/blog/security-briefs/ta551-uses-sliver-red-team-tool-new-activity" target="_blank" rel="...
----------------------------------------
File: blog_sekoia_io/exposing-fakebat-loader-distribution-methods-and-adversary-infrastructure/content.txt
Original Link: [Link to the article](https://blog.sekoia.io/exposing-fakebat-loader-distribution-methods-and-adversary-infrastructure/)
----------------------------------------
Line 864: ...lank" rel="noreferrer noopener">CobaltStrike</a>, Sliver) and RATs (<em>e.g.</em> NetSupport), to name but...
Line 1346: ... </strong>that distributed <strong>Cobalt Strike, Sliver, or a Python-based backdoor</strong>, using fake ...
----------------------------------------
File: thehackernews_com/2026_03_china-linked-red-menshen-uses-stealthy_html/content.txt
Original Link: [Link to the article](https://thehackernews.com/2026/03/china-linked-red-menshen-uses-stealthy.html)
----------------------------------------
Line 738: ...//thehackernews.com/2023/01/threat-actors-turn-to-sliver-as-open.html" rel="noopener" target="_blank">Sliv...
----------------------------------------
File: thehackernews_com/2026_05_threatsday-bulletin-claude-security_html/content.txt
Original Link: [Link to the article](https://thehackernews.com/2026/05/threatsday-bulletin-claude-security.html)
----------------------------------------
Line 752: ...ve frameworks (Tactical RMM, Cobalt Strike, Sliver) represent the dominant malware families operating acro...
----------------------------------------
File: thehackernews_com/2025_02_hackers-exploit-simplehelp-rmm-flaws_html/content.txt
Original Link: [Link to the article](https://thehackernews.com/2025/02/hackers-exploit-simplehelp-rmm-flaws.html)
----------------------------------------
Line 36: ...7726-28) for persistent network access, deploying Sliver and Cloudflare tunnels. Patch immediate' name='tw...
Line 37: ...7726-28) for persistent network access, deploying Sliver and Cloudflare tunnels. Patch immediate' property...
Line 38: ...7726-28) for persistent network access, deploying Sliver and Cloudflare tunnels. Patch immediate' name='de...
Line 662: ...//thehackernews.com/2023/01/threat-actors-turn-to-sliver-as-open.html" rel="noopener" target="_blank">Sliv...
Line 663: ...<p>The persistence offered by Sliver was subsequently abused to move laterally across ...
----------------------------------------
File: thehackernews_com/2025_06_weekly-recap-airline-hacks-citrix-0-day_html/content.txt
Original Link: [Link to the article](https://thehackernews.com/2025/06/weekly-recap-airline-hacks-citrix-0-day.html)
----------------------------------------
Line 702: ...use of red teaming frameworks like Cobalt Strike, Sliver, Empire, Mythic, and Havoc that are often adopted...
----------------------------------------
File: thehackernews_com/2025_06_chaos-rat-malware-targets-windows-and_html/content.txt
Original Link: [Link to the article](https://thehackernews.com/2025/06/chaos-rat-malware-targets-windows-and.html)
----------------------------------------
Line 663: ...d by popular frameworks such as Cobalt Strike and Sliver, Chaos RAT provides an administrative panel where...
----------------------------------------
File: cloud_google_com/blog_topics_threat-intelligence_china-nexus-exploiting-critical-ivanti-vulnerability/content.txt
Original Link: [Link to the article](https://cloud.google.com/blog/topics/threat-intelligence/china-nexus-exploiting-critical-ivanti-vulnerability/)
----------------------------------------
Line 60: ...ivanti-post-exploitation-lateral-movement#:~:text=SLIVER%20and%20CrackMapExec.-,SPAWN%20Malware%20Family,-...
Line 240: ...ESURGE\u003c/span\u003e\u003c/a\u003e\u003cspan style\u003d\"vertical-align:baseline\"\u003e malware famil...
----------------------------------------
File: news_sophos_com/en-us_2023_05_18_the-phantom-menace-brute-ratel-remains-rare-and-targeted/content.txt
Original Link: [Link to the article](https://news.sophos.com/en-us/2023/05/18/the-phantom-menace-brute-ratel-remains-rare-and-targeted/)
----------------------------------------
Line 359: ...k tag-meterpreter tag-post-exploitation-tools tag-sliver tag-sophos-x-ops region-en-us">...
Line 399: ...> <a href="https://news.sophos.com/en-us/tag/sliver/" class="category-tag-pill">Sliver</a> <a href="https:...
Line 422: ...tly) is <a href="https://github.com/BishopFox/sliver">Sliver</a>, another open-source “adversary emulation...
Line 423: ... PowerSploit, Meterpreter, Empire, Cobalt Strike, Sliver, Havoc, Brute Ratel, Covenant and Silent Trinity ...
----------------------------------------
File: thehackernews_com/2026_01_threatsday-bulletin-new-rces-darknet_html/content.txt
Original Link: [Link to the article](https://thehackernews.com/2026/01/threatsday-bulletin-new-rces-darknet.html)
----------------------------------------
Line 1067: ...ackernews.com/2023/01/threat-actors-turn-to-sliver-as-open.html" rel="noopener" target="_blank">Sliver</a>...
----------------------------------------
File: news_sophos_com/en-us_2024_12_12_active-adversary-report-2024-12/content.txt
Original Link: [Link to the article](https://news.sophos.com/en-us/2024/12/12/active-adversary-report-2024-12/)
----------------------------------------
Line 464: ... requiring incident response are a very small sliver of all the activity MDR sees day-to-day, the effect o...
----------------------------------------
File: www_elastic_co/security-labs_detonating-beacons-to-illuminate-detection-gaps/content.txt
Original Link: [Link to the article](https://www.elastic.co/security-labs/detonating-beacons-to-illuminate-detection-gaps)
----------------------------------------
Line 20: ...frameworks such as Havoc, Metasploit, PoshC2, and Sliver, with some directly utilizing COFFLoader for exec...
Line 80: ...uch as Havoc, Metasploit, PoshC2, and Sliver, with some directly utilizing COFFLoader for execution. With ...
----------------------------------------
File: thehackernews_com/2025_03_chinese-hackers-breach-asian-telecom_html/content.txt
Original Link: [Link to the article](https://thehackernews.com/2025/03/chinese-hackers-breach-asian-telecom.html)
----------------------------------------
Line 677: ...nd-control (C2) frameworks like Cobalt Strike and Sliver.</p>...
----------------------------------------
File: www_securonix_com/blog_threat-labs-security-advisory-new-starkvortex-attack-campaign-threat-actors-use-drone-manual-lures-to-deliver-merlinagent-payloads/content.txt
Original Link: [Link to the article](https://www.securonix.com/blog/threat-labs-security-advisory-new-starkvortex-attack-campaign-threat-actors-use-drone-manual-lures-to-deliver-merlinagent-payloads/)
----------------------------------------
Line 914: ... It functions similar to that of Cobalt Strike or Sliver where a server instance can be set up which can b...
----------------------------------------
File: thehackernews_com/2025_11_weekly-recap-hyper-v-malware-malicious_html/content.txt
Original Link: [Link to the article](https://thehackernews.com/2025/11/weekly-recap-hyper-v-malware-malicious.html)
----------------------------------------
Line 711: ...lobal-Data System IT Corporation (Cobalt Strike, Sliver, Quasar RAT, Remcos RAT, and other malware), and R...
----------------------------------------
File: thehackernews_com/2025_05_weekly-recap-apt-campaigns-browser_html/content.txt
Original Link: [Link to the article](https://thehackernews.com/2025/05/weekly-recap-apt-campaigns-browser.html)
----------------------------------------
Line 708: ... like KrustyLoader, which is known to deliver the Sliver command-and-control (C2) framework. "UNC5221 demo...
----------------------------------------
File: thehackernews_com/2026_02_threatsday-bulletin-codespaces-rce_html/content.txt
Original Link: [Link to the article](https://thehackernews.com/2026/02/threatsday-bulletin-codespaces-rce.html)
----------------------------------------
Line 756: ...g Cobalt Strike, Metasploit, Havoc, Mythic, Sliver, AsyncRAT, MeshAgent, and Brute Ratel. "The threat acto...
----------------------------------------
File: volexity_com/blog_2022_06_15_driftingcloud-zero-day-sophos-firewall-exploitation-and-an-insidious-breach/content.txt
Original Link: [Link to the article](https://volexity.com/blog/2022/06/15/driftingcloud-zero-day-sophos-firewall-exploitation-and-an-insidious-breach/)
----------------------------------------
Line 377: ... included a <a href="https://github.com/BishopFox/sliver">Sliver</a> binary named “kstrp”. Volexity did no...
Line 382: ...-size: 1.6rem" href="https://github.com/BishopFox/sliver">Sliver</a><span>. Volexity did not find anything...
----------------------------------------
File: thehackernews_com/2026_05_cisa-adds-cisco-sd-wan-cve-2026-20182_html/content.txt
Original Link: [Link to the article](https://thehackernews.com/2026/05/cisa-adds-cisco-sd-wan-cve-2026-20182.html)
----------------------------------------
Line 748: ...//thehackernews.com/2023/01/threat-actors-turn-to-sliver-as-open.html">Sliver</a> command-and-control (C2)...
----------------------------------------
File: cybersecuritynews_com/purehvnc-rat-developers/content.txt
Original Link: [Link to the article](https://cybersecuritynews.com/purehvnc-rat-developers/)
----------------------------------------
Line 617: ...d a Rust Loader, followed by PureHVNC RAT and the Sliver command-and-control framework over an eight-day w...
----------------------------------------
File: thehackernews_com/2024_10_north-korean-group-collaborates-with_html/content.txt
Original Link: [Link to the article](https://thehackernews.com/2024/10/north-korean-group-collaborates-with.html)
----------------------------------------
Line 658: ...//thehackernews.com/2023/01/threat-actors-turn-to-sliver-as-open.html" rel="noopener" target="_blank">Sliv...
Line 663: ...s stems from the fact that communication with the Sliver C2 server (172.96.137[.]224) remained ongoing unt...
Line 664: ...attacks disclosed by Symantec. Of interest is the Sliver C2 IP address, which Symantec flagged as used in ...
Line 665: ...or used IP address 172.96.137[.]224 primarily for Sliver C2 activity," Navin Thomas, threat researcher at ...
Line 666: ...open ports serving different functions, including Sliver, a web service for tool distribution, and SSH ser...
----------------------------------------
File: thehackernews_com/2026_02_teampcp-worm-exploits-cloud_html/content.txt
Original Link: [Link to the article](https://thehackernews.com/2026/02/teampcp-worm-exploits-cloud.html)
----------------------------------------
Line 749: ...//thehackernews.com/2023/01/threat-actors-turn-to-sliver-as-open.html" rel="noopener" target="_blank">Sliv...
----------------------------------------
File: proofpoint_com/us_blog_security-briefs_ta551-uses-sliver-red-team-tool-new-activity/link.md
Original Link: [Link to the article](https://proofpoint.com/us/blog/security-briefs/ta551-uses-sliver-red-team-tool-new-activity)
----------------------------------------
Line 1: ...proofpoint.com/us/blog/security-briefs/ta551-uses-sliver-red-team-tool-new-activity)...
----------------------------------------
File: proofpoint_com/us_blog_security-briefs_ta551-uses-sliver-red-team-tool-new-activity/content.txt
Original Link: [Link to the article](https://proofpoint.com/us/blog/security-briefs/ta551-uses-sliver-red-team-tool-new-activity)
----------------------------------------
Line 10: ...proofpoint.com/us/blog/security-briefs/ta551-uses-sliver-red-team-tool-new-activity" />...
Line 11: ...proofpoint.com/us/blog/security-briefs/ta551-uses-sliver-red-team-tool-new-activity" />...
Line 37: ...proofpoint.com/us/blog/security-briefs/ta551-uses-sliver-red-team-tool-new-activity" />...
Line 38: ...<meta property="og:title" content="TA551 Uses ‘SLIVER’ Red Team Tool in New Activity | Proofpoint US" />...
Line 48: ...<meta name="twitter:title" content="TA551 Uses ‘SLIVER’ Red Team Tool in New Activity | Proofpoint US" />...
Line 106: ...om/us/blog/security-briefs/ta551-uses-sliver-red-team-tool-new-activity#webpage",...
Line 108: ...om/us/blog/security-briefs/ta551-uses-sliver-red-team-tool-new-activity",...
Line 109: ...name": "Security Brief: TA551 Uses ‘SLIVER’ Red Team Tool in New Activity",...
Line 118: ...s/blog/security-briefs/ta551-uses-sliver-red-team-tool-new-activity#blogposting"...
Line 123: ...om/us/blog/security-briefs/ta551-uses-sliver-red-team-tool-new-activity#blogposting",...
Line 124: ...om/us/blog/security-briefs/ta551-uses-sliver-red-team-tool-new-activity",...
Line 126: ...s/blog/security-briefs/ta551-uses-sliver-red-team-tool-new-activity#webpage"...
Line 131: ...line": "Security Brief: TA551 Uses ‘SLIVER’ Red Team Tool in New Activity",...
Line 154: ...proofpoint.com/us/blog/security-briefs/ta551-uses-sliver-red-team-tool-new-activity" />...
Line 155: ...proofpoint.com/uk/blog/security-briefs/ta551-uses-sliver-red-team-tool-new-activity" />...
Line 156: ...proofpoint.com/au/blog/security-briefs/ta551-uses-sliver-red-team-tool-new-activity" />...
Line 158: ...<title>TA551 Uses ‘SLIVER’ Red Team Tool in New Activity | Proofpoint US</title>...
Line 833: ...ggle" href="/us/blog/security-briefs/ta551-uses-sliver-red-team-tool-new-activity" id="veridianx-navigatio...
Line 844: ...href="/uk/blog/security-briefs/ta551-uses-sliver-red-team-tool-new-activity">English: Europe, Middle East,...
Line 847: ...href="/au/blog/security-briefs/ta551-uses-sliver-red-team-tool-new-activity">English: Asia Pacific</a>...
Line 913: ...rticle about="/us/blog/security-briefs/ta551-uses-sliver-red-team-tool-new-activity" class="node--type--bl...
Line 921: ...Security Brief: TA551 Uses ‘SLIVER’ Red Team Tool in New Activity      </div></div></div>...
Line 944: ...Security Brief: TA551 Uses ‘SLIVER’ Red Team Tool in New Activity...
Line 976: ...download of <a href="https://github.com/BishopFox/sliver/tree/6c02971b54831884d30407b632a379947dd289ad" ta...
Line 982: ...n Microsoft Word document. If macros are enabled, SLIVER is downloaded.</p>...
Line 988: ...<p>SLIVER is available for free online, and capabilities in...
Line 990: ...<p>TA551’s use of SLIVER demonstrates considerable actor flexibility. As an ...
Line 1017: ...<p>SLIVER C2</p>...
Line 1033: ...<p>ETPRO MALWARE Sliver Framework HTTP C2 sessionInit</p>...
----------------------------------------
File: proofpoint_com/us_blog_threat-insight_bumblebee-is-still-transforming/content.txt
Original Link: [Link to the article](https://proofpoint.com/us/blog/threat-insight/bumblebee-is-still-transforming)
----------------------------------------
Line 983: ...ved Bumblebee dropping Cobalt Strike, shellcode, Sliver, and Meterpreter.</li>...
Line 991: ...rved Bumblebee dropping Cobalt Strike, shellcode, Sliver and Meterpreter. The malware name comes from the ...
----------------------------------------
File: thehackernews_com/2026_05_2026-year-of-ai-assisted-attacks_html/content.txt
Original Link: [Link to the article](https://thehackernews.com/2026/05/2026-year-of-ai-assisted-attacks.html)
----------------------------------------
Line 755: ...chnical ability to do attacks&#8221; used to be a sliver, but it is growing every month. At the same time,...
----------------------------------------
File: cybersecuritynews_com/chinese-hacking-groups-vpn/content.txt
Original Link: [Link to the article](https://cybersecuritynews.com/chinese-hacking-groups-vpn/)
----------------------------------------
Line 2667: ...</td><td>e7fdbed34f99c05bb5861910ca4cc994</td><td>SLIVER</td></tr><tr><td>lint64.png</td><td>c251afe252744...
Line 2675: ...tr><tr><td>akapush.us[.]to</td><td>Domain</td><td>SLIVER C2 server</td></tr><tr><td>opra1.oprawh.workers.d...
----------------------------------------
File: cybersecuritynews_com/toolshell-vulnerability-compromise-networks/content.txt
Original Link: [Link to the article](https://cybersecuritynews.com/toolshell-vulnerability-compromise-networks/)
----------------------------------------
Line 559: ...exus actor), delivered second-stage payloads like Sliver, an open-source C2 framework abused for red-team ...
Line 579: ...7eb2a3a4a5519fded76cb8bf11d7296787c754d40</td><td>Sliver</td></tr><tr><td>SHA256 Hash</td><td>5b165b01f9a1...
----------------------------------------
File: thehackernews_com/2025_02_asyncrat-campaign-uses-python-payloads_html/content.txt
Original Link: [Link to the article](https://thehackernews.com/2025/02/asyncrat-campaign-uses-python-payloads.html)
----------------------------------------
Line 673: ...<li>Attacks <a href="https://cyble.com/blog/sliver-implant-targets-german-entities-with-dll-sideload...
----------------------------------------
File: thehackernews_com/2026_04_weekly-recap-fast16-malware-xchat_html/content.txt
Original Link: [Link to the article](https://thehackernews.com/2026/04/weekly-recap-fast16-malware-xchat.html)
----------------------------------------
Line 780: ... botnets, such as Keitaro, Hajime, Cobalt Strike, Sliver, Mozi, and Mirai, according to Hunt.io.</li>...
----------------------------------------
File: thehackernews_com/2026_07_new-telepuz-malware-spreads-via_html/content.txt
Original Link: [Link to the article](https://thehackernews.com/2026/07/new-telepuz-malware-spreads-via.html)
----------------------------------------
Line 746: ...<a href="https://binarydefense.com/resources/blog/slivering-through-the-cracks" target="_blank">unhooking<...
----------------------------------------
File: thehackernews_com/2025_05_earth-ammit-breached-drone-supply_html/content.txt
Original Link: [Link to the article](https://thehackernews.com/2025/05/earth-ammit-breached-drone-supply.html)
----------------------------------------
Line 688: ...ts. The use of open-source tools like REVSOCK and Sliver in the attacks is seen as a deliberate attempt to...
----------------------------------------
File: cybersecuritynews_com/threat-actors-leveraging-windows-and-linux-vulnerabilities/content.txt
Original Link: [Link to the article](https://cybersecuritynews.com/threat-actors-leveraging-windows-and-linux-vulnerabilities/)
----------------------------------------
Line 664: ... attackers install custom C2 frameworks—such as Sliver or Havoc—to maintain persistence.</p>...
----------------------------------------
File: cybersecuritynews_com/threat-actor-exploited-fortiweb-appliances-to-deploy-sliver-c2/link.md
Original Link: [Link to the article](https://cybersecuritynews.com/threat-actor-exploited-fortiweb-appliances-to-deploy-sliver-c2/)
----------------------------------------
Line 1: ...eat-actor-exploited-fortiweb-appliances-to-deploy-sliver-c2/)...
----------------------------------------
File: thehackernews_com/2025_08_apache-activemq-flaw-exploited-to_html/content.txt
Original Link: [Link to the article](https://thehackernews.com/2025/08/apache-activemq-flaw-exploited-to.html)
----------------------------------------
Line 661: ...//thehackernews.com/2023/01/threat-actors-turn-to-sliver-as-open.html" rel="noopener" target="_blank">Sliv...
----------------------------------------
File: cybersecuritynews_com/powerdns-vulnerability/content.txt
Original Link: [Link to the article](https://cybersecuritynews.com/powerdns-vulnerability/)
----------------------------------------
Line 612: ...e incoming <a href="https://cybersecuritynews.com/sliver-c2-server-vulnerability/" target="_blank" rel="no...
----------------------------------------
File: thehackernews_com/2025_05_china-linked-apts-exploit-sap-cve-2025_html/content.txt
Original Link: [Link to the article](https://thehackernews.com/2025/05/china-linked-apts-exploit-sap-cve-2025.html)
----------------------------------------
Line 698: ...that can used to serve second-stage payloads like Sliver, set up persistence, and execute shell commands</...
----------------------------------------
File: cybersecuritynews_com/website-monitoring-tools/content.txt
Original Link: [Link to the article](https://cybersecuritynews.com/website-monitoring-tools/)
----------------------------------------
Line 881: ...ref="https://cybersecuritynews.com/python-package-sliver-c2-png/" target="_blank" rel="noreferrer noopener...
----------------------------------------
File: thehackernews_com/2025_09_weekly-recap-drift-breach-chaos-zero_html/content.txt
Original Link: [Link to the article](https://thehackernews.com/2025/09/weekly-recap-drift-breach-chaos-zero.html)
----------------------------------------
Line 709: ...works Exploited by Threat Actors </strong>&#8212; Sliver, Havoc, Metasploit, Mythic, Brute Ratel C4, and C...
----------------------------------------
File: thehackernews_com/2026_05_pcpjack-credential-stealer-exploits-5_html/content.txt
Original Link: [Link to the article](https://thehackernews.com/2026/05/pcpjack-credential-stealer-exploits-5.html)
----------------------------------------
Line 755: ...//thehackernews.com/2023/01/threat-actors-turn-to-sliver-as-open.html">Sliver</a> binary. It also scans In...
----------------------------------------
File: thehackernews_com/2026_04_phantomcore-exploits-trueconf_html/content.txt
Original Link: [Link to the article](https://thehackernews.com/2026/04/phantomcore-exploits-trueconf.html)
----------------------------------------
Line 770: ...o manage Starlink devices, in order to deploy the Sliver post&#8209;exploitation framework. Another websit...
----------------------------------------
File: thehackernews_com/2025_01_hackers-exploit-aviatrix-controller_html/content.txt
Original Link: [Link to the article](https://thehackernews.com/2025/01/hackers-exploit-aviatrix-controller.html)
----------------------------------------
Line 660: ...//thehackernews.com/2023/01/threat-actors-turn-to-sliver-as-open.html" rel="noopener" target="_blank">Sliv...
----------------------------------------
File: fieldeffect_com/blog_north-korean-hackers-likely-collaborated-with-play-ransomware-group/content.txt
Original Link: [Link to the article](https://fieldeffect.com/blog/north-korean-hackers-likely-collaborated-with-play-ransomware-group)
----------------------------------------
Line 1260: ...ral movement and persistence activities using the Sliver command-and-control (C2) framework and a bespoke ...
----------------------------------------
File: www_sentinelone_com/blog_mallox-resurrected-ransomware-attacks-exploiting-ms-sql-continue-to-burden-enterprises/content.txt
Original Link: [Link to the article](https://www.sentinelone.com/blog/mallox-resurrected-ransomware-attacks-exploiting-ms-sql-continue-to-burden-enterprises/)
----------------------------------------
Line 1413: ...f-apt/" target="_blank" rel="noopener noreferrer">Sliver</a>.</p>...
----------------------------------------
File: thehackernews_com/2025_09_weekly-recap-chrome-0-day-ai-hacking_html/content.txt
Original Link: [Link to the article](https://thehackernews.com/2025/09/weekly-recap-chrome-0-day-ai-hacking.html)
----------------------------------------
Line 700: ...mate tool echoes the trajectory of Cobalt Strike, Sliver, and Brute Ratel C4 (<a href="https://www.vectra....
----------------------------------------
File: www_sentinelone_com/blog_geacon-brings-cobalt-strike-capabilities-to-macos-threat-actors/content.txt
Original Link: [Link to the article](https://www.sentinelone.com/blog/geacon-brings-cobalt-strike-capabilities-to-macos-threat-actors/)
----------------------------------------
Line 1439: ...ation-techniques/" target="_blank" rel="noopener">Sliver implant</a> was being distributed as a <a href="h...
----------------------------------------
File: www_sentinelone_com/labs_hermetic-wiper-ukraine-under-attack/content.txt
Original Link: [Link to the article](https://www.sentinelone.com/labs/hermetic-wiper-ukraine-under-attack/)
----------------------------------------
Line 466: ...le escalation. At this time, we have a very small sliver of aperture into the attacks in Ukraine and subse...
----------------------------------------
File: www_sentinelone_com/blog_macos-metastealer-new-family-of-obfuscated-go-infostealers-spread-in-targeted-attacks/content.txt
Original Link: [Link to the article](https://www.sentinelone.com/blog/macos-metastealer-new-family-of-obfuscated-go-infostealers-spread-in-targeted-attacks/)
----------------------------------------
Line 1443: ...ethod bears similarity to that used in obfuscated Sliver and Poseidon malware binaries, and may be a produ...
----------------------------------------
File: vxunderground_APTs_2023/2023/2023.03.09 - PlugX Malware Being Distributed via Vulnerability Exploitation/Paper/asec.ahnlab.com-PlugX Malware Being Distributed via Vulnerability Exploitation/asec.ahnlab.com-PlugX Malware Being Distributed/content.txt
Original Link: https://vx-underground.org/APTs/2023
----------------------------------------
Line 9: ...closed. The team previously made a post about how Sliver C2,...
Line 12: ...Sliver Malware With BYOVD Distributed Through Sunlogin V...
Line 15: ...ploitation on both Sunlogin and AweSun to install Sliver C2. A previous blog...
Line 211: ...vulnerable software. Although Sliver, Paradise ransomware, and CoinMiner are the malwa...
----------------------------------------
File: thedfirreport_com/2024_03_04_threat-brief-wordpress-exploit-leads-to-godzilla-web-shell-discovery-new-cve/content.txt
Original Link: [Link to the article](https://thedfirreport.com/2024/03/04/threat-brief-wordpress-exploit-leads-to-godzilla-web-shell-discovery-new-cve/)
----------------------------------------
Line 386: ...ontrol frameworks like Cobalt Strike, Metasploit, Sliver, etc.</li>...
----------------------------------------
File: thedfirreport_com/2025_12_17_cats-got-your-files-lynx-ransomware/content.txt
Original Link: [Link to the article](https://thedfirreport.com/2025/12/17/cats-got-your-files-lynx-ransomware/)
----------------------------------------
Line 467: ...ontrol frameworks like Cobalt Strike, Metasploit, Sliver, etc.</li>...
----------------------------------------
File: thedfirreport_com/2021_11_15_exchange-exploit-leads-to-domain-wide-ransomware/content.txt
Original Link: [Link to the article](https://thedfirreport.com/2021/11/15/exchange-exploit-leads-to-domain-wide-ransomware)
----------------------------------------
Line 450: ...ntrol frameworks like Cobalt Strike, Metasploit, Sliver, etc.</li>...
----------------------------------------
File: thedfirreport_com/2023_12_18_lets-opendir-some-presents-an-analysis-of-a-persistent-actors-activity/content.txt
Original Link: [Link to the article](https://thedfirreport.com/2023/12/18/lets-opendir-some-presents-an-analysis-of-a-persistent-actors-activity/)
----------------------------------------
Line 323: ...try category-metasploit category-opendir category-sliver entry">...
Line 338: ...-126" href="https://thedfirreport.com/category/sliver/">sliver</a>...
Line 359: ...and and control frameworks such as Metasploit and Sliver were then used for post exploitation activity. De...
Line 955: ...used multiple frameworks including Metasploit and Sliver. From the bash and Metasploit history we were abl...
Line 994: ...<p><strong>Sliver:</strong></p>...
Line 995: ...<p>The threat actor generated a number of various Sliver beacons over the time they used the server.</p>...
Line 1033: ...<p>The threat actor used Sliver&#8217;s execute-assembly to load <a href="https:/...
Line 1040: ...<p>The Sliver audit log recorded the arguments provided to Shar...
Line 1055: ...<p>They also used sc to create a service for a Sliver implant to gain persistence:</p>...
Line 1075: ...<p>The threat actor used Sliver to upload modified versions of .bashrc to comprom...
Line 1085: ...referenced autominionlx.sh is downloaded from the Sliver server:</p>...
Line 1092: ...<p>Shortly afterwards, the Sliver implant is used to add a cronjob to execute the s...
Line 1265: ...<p>During a compromise of a host with Sliver, they used the download command to pull back the ...
Line 1266: ...<pre>.sliver<span class="ql-token hljs-operator">/</span>logs<...
Line 1301: ...ne instance the threat actor obtained access with Sliver, they then worked to execute a remote script on t...
Line 1435: ...<p>While using Sliver, the threat actor executed <a href="https://githu...
Line 1437: ...<p>While using Sliver, the most used command was &#8220;net user /domai...
Line 1439: ...ds that were used by the threat actor while using Sliver include the following:</p>...
Line 1468: ...<p><strong>S0633 &#8211; Sliver</strong></p>...
Line 1472: ...<p>Analyzing the local Sliver DB (.sliver/sliver.db), we can extract the C2 end...
Line 1537: ...<p>The Sliver multiplayer port 31337 is exposed on 192.169.6.12...
Line 1544: ...erved. We first picked up the server as hosting a Sliver team server on 2022-11-16.  We continued to obser...
Line 1588: ...<p>We also observed in the sliver-client.log where they used netcat:</p>...
Line 1612: ...<p><strong>Sliver Operator names</strong></p>...
Line 1616: ...<p>The Sliver database ./.sliver/sliver.db included the names a...
Line 1690: ...<pre>Sliver...
Line 1723: ...<pre>Sliver Beacons Windows:...
----------------------------------------
File: thedfirreport_com/2025_08_05_from-bing-search-to-ransomware-bumblebee-and-adaptixc2-deliver-akira/content.txt
Original Link: [Link to the article](https://thedfirreport.com/2025/08/05/from-bing-search-to-ransomware-bumblebee-and-adaptixc2-deliver-akira/)
----------------------------------------
Line 388: ...ntrol frameworks like Cobalt Strike, Metasploit, Sliver, etc.</li>...
----------------------------------------
File: thedfirreport_com/2025_03_31_fake-zoom-ends-in-blacksuit-ransomware/content.txt
Original Link: [Link to the article](https://thedfirreport.com/2025/03/31/fake-zoom-ends-in-blacksuit-ransomware/)
----------------------------------------
Line 448: ...ntrol frameworks like Cobalt Strike, Metasploit, Sliver, etc.</li>...
----------------------------------------
File: thedfirreport_com/2024_04_29_from-icedid-to-dagon-locker-ransomware-in-29-days/content.txt
Original Link: [Link to the article](https://thedfirreport.com/2024/04/29/from-icedid-to-dagon-locker-ransomware-in-29-days/)
----------------------------------------
Line 374: ...ontrol frameworks like Cobalt Strike, Metasploit, Sliver, etc.</li>...
----------------------------------------
File: thedfirreport_com/2025_02_24_confluence-exploit-leads-to-lockbit-ransomware/content.txt
Original Link: [Link to the article](https://thedfirreport.com/2025/02/24/confluence-exploit-leads-to-lockbit-ransomware/)
----------------------------------------
Line 443: ...ntrol frameworks like Cobalt Strike, Metasploit, Sliver, etc.</li>...
----------------------------------------
File: thedfirreport_com/2023_02_06_collect-exfiltrate-sleep-repeat/content.txt
Original Link: [Link to the article](https://thedfirreport.com/2023/02/06/collect-exfiltrate-sleep-repeat/)
----------------------------------------
Line 321: ...ntrol frameworks like Cobalt Strike, Metasploit, Sliver, etc.</li>...
----------------------------------------
File: thedfirreport_com/2024_06_10_icedid-brings-screenconnect-and-csharp-streamer-to-alphv-ransomware-deployment/content.txt
Original Link: [Link to the article](https://thedfirreport.com/2024/06/10/icedid-brings-screenconnect-and-csharp-streamer-to-alphv-ransomware-deployment/)
----------------------------------------
Line 396: ...ntrol frameworks like Cobalt Strike, Metasploit, Sliver, etc.</li>...
Line 1711: ...com/2024/08/12/threat-actors-toolkit-leveraging-sliver-poshc2-batch-scripts/" rel="next">Threat Actors&#82...
----------------------------------------
File: thedfirreport_com/2025_06_30_hide-your-rdp-password-spray-leads-to-ransomhub-deployment/content.txt
Original Link: [Link to the article](https://thedfirreport.com/2025/06/30/hide-your-rdp-password-spray-leads-to-ransomhub-deployment/)
----------------------------------------
Line 448: ...ntrol frameworks like Cobalt Strike, Metasploit, Sliver, etc.</li>...
----------------------------------------
File: thedfirreport_com/2022_07_11_select-xmrig-from-sqlserver/content.txt
Original Link: [Link to the article](https://thedfirreport.com/2022/07/11/select-xmrig-from-sqlserver/)
----------------------------------------
Line 380: ...nd and Control frameworks such as Cobalt Strike, Sliver, BumbleBee, Covenant, Metasploit, Empire, PoshC2, ...
----------------------------------------
File: thedfirreport_com/2024_02_26_seo-poisoning-to-domain-control-the-gootloader-saga-continues/content.txt
Original Link: [Link to the article](https://thedfirreport.com/2024/02/26/seo-poisoning-to-domain-control-the-gootloader-saga-continues/)
----------------------------------------
Line 378: ...rol frameworks such as Cobalt Strike, Metasploit, Sliver, and more.</p>...
----------------------------------------
File: thedfirreport_com/2023_04_03_malicious-iso-file-leads-to-domain-wide-ransomware/content.txt
Original Link: [Link to the article](https://thedfirreport.com/2023/04/03/malicious-iso-file-leads-to-domain-wide-ransomware/)
----------------------------------------
Line 326: ...ntrol frameworks like Cobalt Strike, Metasploit, Sliver, etc.</li>...
----------------------------------------
File: thedfirreport_com/2025_08_05_from-bing-search-to-ransomware-bumblebee-and-adaptixc2-deliver-akira-2/content.txt
Original Link: [Link to the article](https://thedfirreport.com/2025/08/05/from-bing-search-to-ransomware-bumblebee-and-adaptixc2-deliver-akira-2/)
----------------------------------------
Line 442: ...ontrol frameworks like Cobalt Strike, Metasploit, Sliver, etc.</li>...
----------------------------------------
File: thedfirreport_com/2025_04_28_navigating-through-the-fog/content.txt
Original Link: [Link to the article](https://thedfirreport.com/2025/04/28/navigating-through-the-fog/)
----------------------------------------
Line 386: ...rmat-standard hentry category-ransomware category-sliver entry">...
Line 399: ...-126" href="https://thedfirreport.com/category/sliver/">sliver</a>...
Line 429: ...<li>Sliver C2 executables were hosted on the server for comm...
Line 445: ...ntrol frameworks like Cobalt Strike, Metasploit, Sliver, etc.</li>...
Line 487: ...through an automated PowerShell script and hosted Sliver C2 components on the server for managing implants...
Line 538: ...&lt;li&gt;&lt;a href=".sliver/"&gt;.sliver/&lt;/a&gt;&lt;/li&gt;...
Line 539: ...&lt;li&gt;&lt;a href=".sliver-client/"&gt;.sliver-client/&lt;/a&gt;&lt;/li&gt;...
Line 561: ...&lt;li&gt;&lt;a href="sliver-client_linux"&gt;sliver-client_linux&lt;/a&gt;&lt...
Line 562: ...&lt;li&gt;&lt;a href="sliver-client_linux.sig"&gt;sliver-client_linux.sig&lt;/...
Line 563: ...&lt;li&gt;&lt;a href="sliver-server"&gt;sliver-server&lt;/a&gt;&lt;/li&gt;...
Line 564: ...&lt;li&gt;&lt;a href="sliver-server_linux.sig"&gt;sliver-server_linux.sig&lt;/...
Line 614: ...<p><strong>Sliver:</strong> The threat actor leveraged the server t...
Line 621: ...telligence Group observed this server hosting the Sliver team server port 31337 on <strong>2024-12-11</str...
Line 625: ...<p>In a very close timeframe, another Sliver C2 was deployed in the same ASN, AS62240, which i...
Line 963: ...combined with post-exploitation frameworks (e.g., Sliver, Cobalt Strike, etc.) to route the traffic throug...
Line 985: ...<p><strong>Sliver:</strong> There were two binaries associated with...
Line 989: .... Likely, it was used to connect back to the same Sliver server. The binary sliver-client_linux, is the ex...
----------------------------------------
File: thedfirreport_com/2022_04_25_quantum-ransomware/content.txt
Original Link: [Link to the article](https://thedfirreport.com/2022/04/25/quantum-ransomware/)
----------------------------------------
Line 369: ...dfirreport.com/2024/09/30/nitrogen-campaign-drops-sliver-and-ends-with-blackcat-ransomware/#services">The ...
Line 372: ...ntrol frameworks like Cobalt Strike, Metasploit, Sliver, etc.</li>...
----------------------------------------
File: thedfirreport_com/2025_01_27_cobalt-strike-and-a-pair-of-socks-lead-to-lockbit-ransomware/content.txt
Original Link: [Link to the article](https://thedfirreport.com/2025/01/27/cobalt-strike-and-a-pair-of-socks-lead-to-lockbit-ransomware/)
----------------------------------------
Line 381: ...ntrol frameworks like Cobalt Strike, Metasploit, Sliver, etc.</li>...
----------------------------------------
File: thedfirreport_com/2025_11_17_cats-got-your-files-lynx-ransomware/content.txt
Original Link: [Link to the article](https://thedfirreport.com/2025/11/17/cats-got-your-files-lynx-ransomware/)
----------------------------------------
Line 362: ...ntrol frameworks like Cobalt Strike, Metasploit, Sliver, etc.</li>...
----------------------------------------
File: thedfirreport_com/2024_08_26_blacksuit-ransomware/content.txt
Original Link: [Link to the article](https://thedfirreport.com/2024/08/26/blacksuit-ransomware/)
----------------------------------------
Line 377: ...ntrol frameworks like Cobalt Strike, Metasploit, Sliver, etc.</li>...
Line 2088: ...com/2024/08/12/threat-actors-toolkit-leveraging-sliver-poshc2-batch-scripts/" rel="prev">Threat Actors&#82...
----------------------------------------
File: thedfirreport_com/2023_12_04_sql-brute-force-leads-to-bluesky-ransomware/content.txt
Original Link: [Link to the article](https://thedfirreport.com/2023/12/04/sql-brute-force-leads-to-bluesky-ransomware/)
----------------------------------------
Line 332: ...nd and Control frameworks such as Cobalt Strike, Sliver, BianLian, Metasploit, Empire, Havoc, etc. More in...
----------------------------------------
File: thedfirreport_com/2023_06_12_a-truly-graceful-wipe-out/content.txt
Original Link: [Link to the article](https://thedfirreport.com/2023/06/12/a-truly-graceful-wipe-out/)
----------------------------------------
Line 326: ...ntrol frameworks like Cobalt Strike, Metasploit, Sliver, etc.</li>...
----------------------------------------
File: thedfirreport_com/2024_09_30_nitrogen-campaign-drops-sliver-and-ends-with-blackcat-ransomware/link.md
Original Link: [Link to the article](https://thedfirreport.com/2024/09/30/nitrogen-campaign-drops-sliver-and-ends-with-blackcat-ransomware/)
----------------------------------------
Line 1: ...dfirreport.com/2024/09/30/nitrogen-campaign-drops-sliver-and-ends-with-blackcat-ransomware/)...
----------------------------------------
File: thedfirreport_com/2024_09_30_nitrogen-campaign-drops-sliver-and-ends-with-blackcat-ransomware/content.txt
Original Link: [Link to the article](https://thedfirreport.com/2024/09/30/nitrogen-campaign-drops-sliver-and-ends-with-blackcat-ransomware/)
----------------------------------------
Line 8: ...<title>Nitrogen Campaign Drops Sliver and Ends With BlackCat Ransomware &#8211; The DFIR...
Line 71: ...dfirreport.com/2024/09/30/nitrogen-campaign-drops-sliver-and-ends-with-blackcat-ransomware/" />...
Line 73: ...rt.com%2F2024%2F09%2F30%2Fnitrogen-campaign-drops-sliver-and-ends-with-blackcat-ransomware%2F" />...
Line 74: ...rt.com%2F2024%2F09%2F30%2Fnitrogen-campaign-drops-sliver-and-ends-with-blackcat-ransomware%2F&#038;format=...
Line 126: ...perty="og:title" content="Nitrogen Campaign Drops Sliver and Ends With BlackCat Ransomware" />...
Line 127: ...dfirreport.com/2024/09/30/nitrogen-campaign-drops-sliver-and-ends-with-blackcat-ransomware/" />...
Line 137: ...tter:text:title" content="Nitrogen Campaign Drops Sliver and Ends With BlackCat Ransomware" />...
Line 323: ...ategory-cobaltstrike category-ransomware category-sliver entry">...
Line 340: ...-126" href="https://thedfirreport.com/category/sliver/">sliver</a>...
Line 344: ...h1 class="entry-title">Nitrogen Campaign Drops Sliver and Ends With BlackCat Ransomware</h1>...
Line 346: ...rreport.com/2024/09/30/nitrogen-campaign-drops-sliver-and-ends-with-blackcat-ransomware/" rel="bookmark"><...
Line 362: ...<li>Nitrogen was leveraged to deploy Sliver and Cobalt Strike beacons on the beachhead host a...
Line 390: ...ntrol frameworks like Cobalt Strike, Metasploit, Sliver, etc.</li>...
Line 442: ...xecute Nitrogen code. This process then dropped a Sliver beacon in an AppData subfolder named &#8220;Notep...
Line 502: ... the Nitrogen infection chain and how it executed Sliver.</p>...
Line 543: ...<li>python.exe, pycryptodome, and a Sliver beacon were placed into a folder named %AppData%\...
Line 547: ...<li>The Sliver beacon was executed through a Python script named...
Line 569: ...pts on the beachhead, serving as loaders for both Sliver and Cobalt Strike.</p>...
Line 587: ...<h4 class="wp-block-heading">Sliver</h4>...
Line 591: ...<p>The Python script, slv.py, used to load Sliver into memory, was heavily obfuscated. However, bur...
Line 600: ...n the analysis of these artifacts, it appears the Sliver payload was likely obfuscated using <a href="http...
Line 609: ...<p>The Sliver execution revealed multiple interesting debugging...
Line 618: ...<p>Subsequently, the Sliver DLL is injected in memory and the DLL entrypoint ...
Line 654: ...<p>The Sliver DLL exports multiple functions, however, StartW i...
Line 663: ...<p>Multiple strings related to Sliver were found in the process memory.</p>...
Line 914: ...table used for executing their python stagers for Sliver and Cobalt Strike.</p>...
Line 984: ...<h4 class="wp-block-heading">Sliver</h4>...
Line 988: ...<p>A few minutes after its execution, Sliver launched the following commands to enumerate:</p>...
Line 1023: ...<p>As with Sliver, Cobalt Strike was utilized to perform hands-on k...
Line 1149: ...ourse of the intrusion the threat actor relied on Sliver and Cobalt Strike. Sliver was used most heavily d...
Line 1601: ...<h4 class="wp-block-heading">Sliver</h4>...
Line 1641: ...<p>Both the Sliver servers 194.49.94[.]18 and 194.169.175[.]134 had ...
Line 1865: ...<pre class="wp-block-preformatted">Sliver...
Line 2107: ...dfirreport.com/2024/09/30/nitrogen-campaign-drops-sliver-and-ends-with-blackcat-ransomware/?share=twitter"...
Line 2172: ...ort.com/2024/09/30/nitrogen-campaign-drops-sliver-and-ends-with-blackcat-ransomware/"/>...
Line 2177: ...value="/2024/09/30/nitrogen-campaign-drops-sliver-and-ends-with-blackcat-ransomware/" /><input type="hidde...
Line 2237: ...port.com\/2024\/09\/30\/nitrogen-campaign-drops-sliver-and-ends-with-blackcat-ransomware\/":38756};...
----------------------------------------
File: thedfirreport_com/2025_11_04_from-bing-search-to-ransomware-bumblebee-and-adaptixc2-deliver-akira-2/content.txt
Original Link: [Link to the article](https://thedfirreport.com/2025/11/04/from-bing-search-to-ransomware-bumblebee-and-adaptixc2-deliver-akira-2/)
----------------------------------------
Line 453: ...ontrol frameworks like Cobalt Strike, Metasploit, Sliver, etc.</li>...
----------------------------------------
File: thedfirreport_com/2024_01_29_buzzing-on-christmas-eve-trigona-ransomware-in-3-hours/content.txt
Original Link: [Link to the article](https://thedfirreport.com/2024/01/29/buzzing-on-christmas-eve-trigona-ransomware-in-3-hours/)
----------------------------------------
Line 412: ...rol frameworks such as Cobalt Strike, Metasploit, Sliver, Viper, Mythic, Havoc, Meterpreter, and more.</p>...
----------------------------------------
File: thedfirreport_com/2022_01_24_cobalt-strike-a-defenders-guide-part-2/content.txt
Original Link: [Link to the article](https://thedfirreport.com/2022/01/24/cobalt-strike-a-defenders-guide-part-2/)
----------------------------------------
Line 352: ...ntrol frameworks like Cobalt Strike, Metasploit, Sliver, etc.</li>...
----------------------------------------
File: thedfirreport_com/2022_08_08_bumblebee-roasts-its-way-to-domain-admin/content.txt
Original Link: [Link to the article](https://thedfirreport.com/2022/08/08/bumblebee-roasts-its-way-to-domain-admin/)
----------------------------------------
Line 366: ...ntrol frameworks like Cobalt Strike, Metasploit, Sliver, etc.</li>...
----------------------------------------
File: thedfirreport_com/2025_09_08_blurring-the-lines-intrusion-shows-connection-with-three-major-ransomware-gangs/content.txt
Original Link: [Link to the article](https://thedfirreport.com/2025/09/08/blurring-the-lines-intrusion-shows-connection-with-three-major-ransomware-gangs/)
----------------------------------------
Line 391: ...ntrol frameworks like Cobalt Strike, Metasploit, Sliver, etc.</li>...
----------------------------------------
File: thedfirreport_com/2025_05_19_another-confluence-bites-the-dust-falling-to-elpaco-team-ransomware/content.txt
Original Link: [Link to the article](https://thedfirreport.com/2025/05/19/another-confluence-bites-the-dust-falling-to-elpaco-team-ransomware/)
----------------------------------------
Line 452: ...ntrol frameworks like Cobalt Strike, Metasploit, Sliver, etc.</li>...
----------------------------------------
File: thedfirreport_com/2024_10_28_inside-the-open-directory-of-the-you-dun-threat-group/content.txt
Original Link: [Link to the article](https://thedfirreport.com/2024/10/28/inside-the-open-directory-of-the-you-dun-threat-group/)
----------------------------------------
Line 385: ...ntrol frameworks like Cobalt Strike, Metasploit, Sliver, etc.</li>...
Line 1718: ...irreport.com/2024/09/30/nitrogen-campaign-drops-sliver-and-ends-with-blackcat-ransomware/" rel="prev">Nitr...
----------------------------------------
File: thedfirreport_com/2023_09_25_from-screenconnect-to-hive-ransomware-in-61-hours/content.txt
Original Link: [Link to the article](https://thedfirreport.com/2023/09/25/from-screenconnect-to-hive-ransomware-in-61-hours/)
----------------------------------------
Line 324: ...ntrol frameworks like Cobalt Strike, Metasploit, Sliver, etc.</li>...
----------------------------------------
File: thedfirreport_com/2024_04_01_from-onenote-to-ransomnote-an-ice-cold-intrusion/content.txt
Original Link: [Link to the article](https://thedfirreport.com/2024/04/01/from-onenote-to-ransomnote-an-ice-cold-intrusion/)
----------------------------------------
Line 376: ...ontrol frameworks like Cobalt Strike, Metasploit, Sliver, Viper, Mythic, Havoc, Meterpreter, and more. For...
----------------------------------------
File: thedfirreport_com/2025_09_29_from-a-single-click-how-lunar-spider-enabled-a-near-two-month-intrusion/content.txt
Original Link: [Link to the article](https://thedfirreport.com/2025/09/29/from-a-single-click-how-lunar-spider-enabled-a-near-two-month-intrusion/)
----------------------------------------
Line 387: ...ntrol frameworks like Cobalt Strike, Metasploit, Sliver, etc.</li>...
----------------------------------------
File: thedfirreport_com/2022_04_04_stolen-images-campaign-ends-in-conti-ransomware/content.txt
Original Link: [Link to the article](https://thedfirreport.com/2022/04/04/stolen-images-campaign-ends-in-conti-ransomware)
----------------------------------------
Line 461: ...ntrol frameworks like Cobalt Strike, Metasploit, Sliver, etc.</li>...
----------------------------------------
File: thedfirreport_com/2021_08_29_cobalt-strike-a-defenders-guide/content.txt
Original Link: [Link to the article](https://thedfirreport.com/2021/08/29/cobalt-strike-a-defenders-guide/)
----------------------------------------
Line 358: ...ntrol frameworks like Cobalt Strike, Metasploit, Sliver, etc.</li>...
----------------------------------------
File: thedfirreport_com/2024_12_02_the-curious-case-of-an-egg-cellent-resume/content.txt
Original Link: [Link to the article](https://thedfirreport.com/2024/12/02/the-curious-case-of-an-egg-cellent-resume/)
----------------------------------------
Line 386: ...ntrol frameworks like Cobalt Strike, Metasploit, Sliver, etc.</li>...
----------------------------------------
File: thedfirreport_com/2021_02_28_laravel-debug-leaking-secrets/content.txt
Original Link: [Link to the article](https://thedfirreport.com/2021/02/28/laravel-debug-leaking-secrets/)
----------------------------------------
Line 359: ...ontrol frameworks like Cobalt Strike, Metasploit, Sliver, etc.</li>...
----------------------------------------
File: thedfirreport_com/2024_08_12_threat-actors-toolkit-leveraging-sliver-poshc2-batch-scripts/link.md
Original Link: [Link to the article](https://thedfirreport.com/2024/08/12/threat-actors-toolkit-leveraging-sliver-poshc2-batch-scripts/)
----------------------------------------
Line 1: ...t.com/2024/08/12/threat-actors-toolkit-leveraging-sliver-poshc2-batch-scripts/)...
----------------------------------------
File: thedfirreport_com/2024_08_12_threat-actors-toolkit-leveraging-sliver-poshc2-batch-scripts/content.txt
Original Link: [Link to the article](https://thedfirreport.com/2024/08/12/threat-actors-toolkit-leveraging-sliver-poshc2-batch-scripts/)
----------------------------------------
Line 8: ...<title>Threat Actors&#8217; Toolkit: Leveraging Sliver, PoshC2 &#038; Batch Scripts &#8211; The DFIR Repo...
Line 71: ...t.com/2024/08/12/threat-actors-toolkit-leveraging-sliver-poshc2-batch-scripts/" />...
Line 73: ...2024%2F08%2F12%2Fthreat-actors-toolkit-leveraging-sliver-poshc2-batch-scripts%2F" />...
Line 74: ...2024%2F08%2F12%2Fthreat-actors-toolkit-leveraging-sliver-poshc2-batch-scripts%2F&#038;format=xml" />...
Line 126: ...content="Threat Actors&#8217; Toolkit: Leveraging Sliver, PoshC2 &#038; Batch Scripts" />...
Line 127: ...t.com/2024/08/12/threat-actors-toolkit-leveraging-sliver-poshc2-batch-scripts/" />...
Line 137: ...content="Threat Actors&#8217; Toolkit: Leveraging Sliver, PoshC2 &#038; Batch Scripts" />...
Line 337: ...itle">Threat Actors&#8217; Toolkit: Leveraging Sliver, PoshC2 &#038; Batch Scripts</h1>...
Line 339: ...om/2024/08/12/threat-actors-toolkit-leveraging-sliver-poshc2-batch-scripts/" rel="bookmark"><time class="e...
Line 359: ...nd two well-known command and control frameworks: Sliver and PoshC2.</li>...
Line 379: ...ntrol frameworks like Cobalt Strike, Metasploit, Sliver, etc.</li>...
Line 446: ...batch scripts and binaries, leveraging PoshC2 and Sliver as their primary command-and-control tool kits.</...
Line 477: ...ct C2 frameworks: &#8216;PoshC2&#8217; and &#8216;Sliver&#8217;. These two command &amp; control (C2) fram...
Line 486: ...<li>Sliver &#8211; <a href="https://github.com/BishopFox/sli...
Line 551: ... It has been primarily associated with PoshC2 and Sliver, with a single instance linked to Empire. The inf...
Line 802: ...<li>Sliver C2 framework executable.</li>...
Line 1751: ...utable is a <a href="https://github.com/BishopFox/sliver" target="_blank" rel="noreferrer noopener">Sliver...
Line 1755: ...<p>Sliver relies on <a href="https://en.wikipedia.org/wiki/...
Line 1775: ...w.immersivelabs.com/blog/detecting-and-decrypting-sliver-c2-a-threat-hunters-guide/" target="_blank" rel="...
Line 2104: ...WILD_PRIDE.exe (Sliver C2)...
Line 2151: ...t.com/2024/08/12/threat-actors-toolkit-leveraging-sliver-poshc2-batch-scripts/?share=twitter" target="_bla...
Line 2216: ...024/08/12/threat-actors-toolkit-leveraging-sliver-poshc2-batch-scripts/"/>...
Line 2221: ...024/08/12/threat-actors-toolkit-leveraging-sliver-poshc2-batch-scripts/" /><input type="hidden" name="post...
Line 2281: .../2024\/08\/12\/threat-actors-toolkit-leveraging-sliver-poshc2-batch-scripts\/":37127};...
----------------------------------------
File: thedfirreport_com/2023_01_09_unwrapping-ursnifs-gifts/content.txt
Original Link: [Link to the article](https://thedfirreport.com/2023/01/09/unwrapping-ursnifs-gifts/)
----------------------------------------
Line 364: ...ntrol frameworks like Cobalt Strike, Metasploit, Sliver, etc.</li>...
----------------------------------------
File: thedfirreport_com/2023_08_28_html-smuggling-leads-to-domain-wide-ransomware/content.txt
Original Link: [Link to the article](https://thedfirreport.com/2023/08/28/html-smuggling-leads-to-domain-wide-ransomware/)
----------------------------------------
Line 324: ...ntrol frameworks like Cobalt Strike, Metasploit, Sliver, etc.</li>...
----------------------------------------
File: thedfirreport_com/2023_05_22_icedid-macro-ends-in-nokoyawa-ransomware/content.txt
Original Link: [Link to the article](https://thedfirreport.com/2023/05/22/icedid-macro-ends-in-nokoyawa-ransomware/)
----------------------------------------
Line 328: ...ntrol frameworks like Cobalt Strike, Metasploit, Sliver, etc.</li>...
----------------------------------------
File: securityintelligence_com/posts_itg23-crypters-cooperation-between-cybercriminal-groups/content.txt
Original Link: [Link to the article](https://securityintelligence.com/posts/itg23-crypters-cooperation-between-cybercriminal-groups)
----------------------------------------
Line 1012: ...ctim environments, such as Trickbot, BazarLoader, Sliver, IcedID, Emotet, Qakbot, and Gozi. We even identi...
Line 1961: ...plants from <a href="https://github.com/BishopFox/sliver" target="_blank" rel="noopener noreferrer"><span ...
Line 2111: ...></th><th><b>SHA256 Hash</b></th></tr><tr><td>Sliver</td><td>45aa8efb6b1a9a0e0091040bb99a7c37d346aaf306fa4...
----------------------------------------
File: vxunderground_APTs_2023/2023/2023.09.11 - BlueShell Used in APT Attacks Against Korean and Thai Targets/Paper/asec.ahnlab.com-BlueShell Used in APT Attacks Against Korean and Thai Targets/content.txt
Original Link: https://vx-underground.org/APTs/2023
----------------------------------------
Line 23: ...arkRAT included in a Korean VPN installer [1] and Sliver C2...
----------------------------------------
File: vxunderground_APTs_2023/2023/2023.09.25 - New STARK#VORTEX Attack Campaign - Threat Actors Use Drone Manual Lures to Deliver MerlinAgent Payloads/Paper/securonix.com-Securonix Threat Labs Security Advisory New STARKVORTEX Attack Campaign/content.txt
Original Link: https://vx-underground.org/APTs/2023
----------------------------------------
Line 133: ...Strike or Sliver where a server instance can be set up which can b...
----------------------------------------
File: securityaffairs_com/178285_apt_china-linked-apt-unc5221-started-exploiting-ivanti-epmm-flaws-shortly-after-their-disclosure_html/content.txt
Original Link: [Link to the article](https://securityaffairs.com/178285/apt/china-linked-apt-unc5221-started-exploiting-ivanti-epmm-flaws-shortly-after-their-disclosure.html)
----------------------------------------
Line 5333: ...viatrix-controller-flaw-active-exploitation.html">Sliver backdoor</a>. KrustyLoader then decrypted the pay...
----------------------------------------
File: vxunderground_APTs_2021/2021/2021.05.07 - Further TTPs associated with SVR cyber actors/Paper/SVR TTPs/content.txt
Original Link: https://vx-underground.org/APTs/2021
----------------------------------------
Line 18: ...Use of multiple publicly available exploits and Sliver...
Line 75: ...Sliver in an attempt to maintain their...
Line 146: ...command and control framework named Sliver....
Line 147: ...The use of the Sliver framework was likely an attempt to ensure...
Line 151: ...the Sliver framework. Sliver is an “…open source, cross-plat...
Line 155: ...The use of the Sliver framework was likely an attempt to ensure access ...
Line 158: ...and and control infrastructure for each victim of Sliver....
Line 343: ...Sliver HTTP request URLs are procedurally generated acco...
Line 344: ...set pattern, as per the implant/sliver/transports/tcp-http.go file....
Line 362: ...alert tcp any any -> any any (msg: "Sliver HTTP implant beacon -...
Line 367: ...alert tcp any any -> any any (msg: "Sliver HTTP implant beacon -...
Line 372: ...alert tcp any any -> any any (msg: "Sliver HTTP implant beacon - info.txt...
Line 377: ...alert tcp any any -> any any (msg: "Sliver HTTP implant beacon -...
Line 382: ...alert tcp any any -> any any (msg: "Sliver HTTP implant beacon - .jsp...
Line 387: ...alert tcp any any -> any any (msg: "Sliver HTTP implant beacon -...
Line 393: ...alert tcp any any -> any any (msg: "Sliver HTTP implant beacon -...
Line 397: ...alert tcp any any -> any any (msg: "Sliver HTTP implant beacon - api.php...
Line 401: ...alert tcp any any -> any any (msg: "Sliver HTTP implant beacon -...
Line 405: ...alert tcp any any -> any any (msg: "Sliver HTTP implant beacon -...
Line 410: ...alert tcp any any -> any any (msg: "Sliver HTTP implant beacon -...
Line 418: ...detecting Sliver. It should be noted that other frameworks may...
Line 419: ...rely on code from the Sliver project (e.g. WireGost). Sliver...
Line 421: ...Therefore a Sliver detection does not necessarily indicate a...
Line 423: ...rule sliver_github_file_paths_function_names {...
Line 426: ...description = "Detects Sliver Windows and Linux implants based on paths...
Line 429: ...$p1 = "/sliver/"...
Line 430: ...$p2 = "sliverpb."...
Line 444: ...rule sliver_proxy_isNotFound_retn_cmp_uniq {...
Line 447: ...description = "Detects Sliver implant framework based on some unique...
Line 458: ...rule sliver_nextCCServer_calcs {...
Line 461: ...description = "Detects Sliver implant framework based on instructions...
----------------------------------------
File: vxunderground_APTs_2021/2021/2021.06.16 - Threat Activity Group RedFoxtrot Linked to China’s PLA Unit 69010/Paper/cta-2021-0616/content.txt
Original Link: https://vx-underground.org/APTs/2021
----------------------------------------
Line 536: ...wsliversourcecor.epac[.]to...
----------------------------------------
File: team-cymru_com/post_sliver-case-study-assessing-common-offensive-security-tools/link.md
Original Link: [Link to the article](https://team-cymru.com/post/sliver-case-study-assessing-common-offensive-security-tools)
----------------------------------------
Line 1: ...[Link to the article](https://team-cymru.com/post/sliver-case-study-assessing-common-offensive-security-to...
----------------------------------------
File: team-cymru_com/post_sliver-case-study-assessing-common-offensive-security-tools/content.txt
Original Link: [Link to the article](https://team-cymru.com/post/sliver-case-study-assessing-common-offensive-security-tools)
----------------------------------------
Line 2: ...ion="674846e3baa039692c5c235b" data-wf-item-slug="sliver-case-study-assessing-common-offensive-security-to...
Line 299: ..."@id": "https://www.team-cymru.com/post/sliver-case-study-assessing-common-offensive-security-tools"...
Line 301: ..."headline": "Sliver Case Study: Assessing Common Offensive Security Too...
Line 391: ...e">May 3, 2022</p><h1 class="post-template-title">Sliver Case Study: Assessing Common Offensive Security T...
Line 454: ...><p><strong>When generating payloads,  the Sliver configurator outputs a binary based on a naming conventi...
Line 466: ...<td>Sliver</td>...
Line 471: ...<td>Sliver</td>...
Line 476: ...<td>Sliver</td>...
Line 516: ...</h6><p>Finally, in recent days an additional Sliver sample was detected, communicating with a ‘new’ C2 IP...
----------------------------------------
File: www_trustwave_com/en-us_resources_blogs_spiderlabs-blog_fake-advanced-ip-scanner-installer-delivers-dangerous-cobaltstrike-backdoor/content.txt
Original Link: [Link to the article](https://www.trustwave.com/en-us/resources/blogs/spiderlabs-blog/fake-advanced-ip-scanner-installer-delivers-dangerous-cobaltstrike-backdoor/)
----------------------------------------
Line 1803: ...77957087521202185" rel="noopener" target="_blank">Sliver C2</a>, malware including<span>&nbsp;</span><a hr...
File: outpost24_com/blog_threat-context-monthly-may-2025-scattered-spider-lumma-stealer/content.txt
Original Link: [Link to the article](https://outpost24.com/blog/threat-context-monthly-may-2025-scattered-spider-lumma-stealer/)
----------------------------------------
Line 887: ...<p><em>Threat actors</em>: Albabat, NightSpire, MonsterV2, Blucoder, Mora_001, Crypto24, Cyb3rDr...
----------------------------------------
File: securelist_com/state-of-ransomware-in-2025_116475/content.txt
Original Link: [Link to the article](https://securelist.com/state-of-ransomware-in-2025/116475/)
----------------------------------------
Line 619: ...ital adoption is increasing exposure. For example, NightSpire ransomware compromised Chilean company EmoTrans, ...
----------------------------------------
File: blog_talosintelligence_com/ransomware_incidents_in_japan_during_the_first_half_of_2025/content.txt
Original Link: [Link to the article](https://blog.talosintelligence.com/ransomware_incidents_in_japan_during_the_first_half_of_2025/)
----------------------------------------
Line 598: ...g Qilin, three groups — Lynx, Nightspire, and RansomHub — accounted for three incidents each. Regarding RansomH...
----------------------------------------
File: research_checkpoint_com/2026_the-state-of-ransomware-q1-2026/content.txt
Original Link: [Link to the article](https://research.checkpoint.com/2026/the-state-of-ransomware-q1-2026/)
----------------------------------------
Line 744: ... The Gentlemen (6 victims) + Everest (4 victims) + Nightspire (3 victims). = 62% of the victims are due to thre...
----------------------------------------
File: thehackernews_com/2026_02_reynolds-ransomware-embeds-byovd-driver_html/content.txt
Original Link: [Link to the article](https://thehackernews.com/2026/02/reynolds-ransomware-embeds-byovd-driver.html)
----------------------------------------
Line 757: ..., DireWolf, NOVA, J group, Warlock, BEAST, Sinobi, NightSpire, and The Gentlemen. In Q4 2025 alone, Sinobi's da...
----------------------------------------
File: cybersecuritynews_com/nightspire-ransomware-group-claims/content.txt
Original Link: [Link to the article](https://cybersecuritynews.com/nightspire-ransomware-group-claims/)
----------------------------------------
Line 45: ...cation/rss+xml" title="Cyber Security News &raquo; NightSpire Ransomware Group Claims to Exploit The Vulnerabil...
Line 104: ...iption":"Since its emergence in February 2025, the NightSpire ransomware group has rapidly distinguished itself...
Line 328: ...ormat-standard wp-theme-Newspaper td-standard-pack nightspire-ransomware-group-claims global-block-template-11 ...
Line 599: ...<p>Since its emergence in February 2025, the NightSpire ransomware group has rapidly distinguished itself...
Line 607: ...<p>Once inside, NightSpire deploys customized payloads that scan connected f...
Line 620: ...<p>Within weeks of its first public disclosure, NightSpire orchestrated attacks against organizations across...
Line 632: ...<p>As NightSpire’s footprint expanded, security researchers began ...
Line 663: ...tion class="wp-element-caption">Folder infected by NightSpire ransomware (Source &#8211; ASEC)</figcaption></fi...
